Year,Month,Tm,Home,Opp,Inngs,PA,H,HR,RBI,BB,SO,AVG,OBP,SLG,OPS,BOP,Pos,W/L
2017,April,LAD,Home,SFG,CG,4,1,0,0,1,0,0.333,0.5,0.333,0.833,8,LF,W
2017,April,LAD,Home,SFG,CG,5,0,0,0,0,3,0.125,0.222,0.125,0.347,1,LF,L
2017,April,LAD,Home,SFG,GS,3,0,0,0,1,2,0.1,0.25,0.1,0.35,8,LF,W
2017,April,LAD,Away,PHI,CG,4,2,0,0,1,0,0.231,0.375,0.231,0.606,7,LF,W
2017,April,LAD,Away,PHI,CG,4,0,2,2,0,0,0.294,0.4,0.647,1.047,6,LF,W
2017,April,LAD,Away,PHI,CG,4,1,0,0,0,0,0.286,0.375,0.571,0.946,2,LF,W
2017,May,LAD,Away,SFG,CG,4,2,0,0,0,0,0.32,0.393,0.6,0.993,6,LF,L
2017,May,LAD,Away,SFG,CG,4,2,0,3,0,0,0.345,0.406,0.655,1.061,8,1B,W
2017,May,LAD,Away,SFG,CG,4,0,0,0,0,1,0.303,0.361,0.576,0.937,5,LF,L
2017,May,LAD,Home,SDP,CG,5,1,2,4,0,2,0.342,0.39,0.737,1.127,5,1B,W
2017,May,LAD,Home,SDP,CG,5,1,1,5,1,0,0.357,0.413,0.786,1.199,5,1B,W
2017,May,LAD,Away,PIT,CG,5,0,0,0,1,0,0.326,0.392,0.717,1.11,4,1B,W
2017,May,LAD,Away,PIT,CG,5,1,0,1,1,1,0.32,0.393,0.68,1.073,4,1B,W
2017,May,LAD,Away,PIT,CG,4,0,1,2,0,2,0.315,0.383,0.704,1.087,4,1BLF,W
2017,May,LAD,Home,COL,CG,5,2,0,0,0,3,0.322,0.385,0.695,1.08,4,1BLF,L
2017,May,LAD,Home,COL,CG,4,0,1,1,1,2,0.323,0.391,0.726,1.117,4,1BLF,W
2017,May,LAD,Home,COL,CG,4,0,0,0,1,3,0.308,0.384,0.692,1.076,6,1B,W
2017,May,LAD,Home,COL,CG,5,2,0,1,1,2,0.319,0.397,0.696,1.093,4,LF,L
2017,May,LAD,Home,SFG,CG,4,0,0,0,0,2,0.301,0.378,0.658,1.036,4,LF,L
2017,May,LAD,Home,SFG,GF,1,0,0,0,0,0,0.297,0.373,0.649,1.022,9,LFRF,L
2017,May,LAD,Home,SFG,CG,4,2,0,1,0,1,0.308,0.379,0.667,1.046,4,1BLF,W
2017,May,LAD,Away,MIA,CG,5,0,0,1,1,1,0.293,0.37,0.634,1.004,4,LF,W
2017,May,LAD,Away,MIA,CG,4,0,1,2,0,0,0.291,0.365,0.651,1.016,7,1B,W
2017,May,LAD,Away,MIA,CG,4,1,1,1,0,1,0.3,0.37,0.678,1.048,3,LF,L
2017,May,LAD,Away,MIA,CG,5,1,0,0,0,4,0.295,0.362,0.653,1.015,3,LF,W
2017,May,LAD,Away,STL,CG,5,0,0,0,0,3,0.28,0.345,0.62,0.965,4,LF,W
2017,May,LAD,Away,STL,CG,3,1,0,1,0,0,0.284,0.345,0.618,0.963,4,1BLF,L
2017,May,LAD,Away,STL,CG,4,1,0,0,0,2,0.283,0.342,0.604,0.946,5,LF,W
2017,May,LAD,Away,CHC,CG,3,0,0,0,0,1,0.275,0.333,0.587,0.92,6,LF,W
2017,May,LAD,Away,CHC,CG,4,0,0,0,3,0,0.273,0.347,0.582,0.929,6,LF,W
2017,May,LAD,Away,CHC,CG,4,0,1,3,0,3,0.272,0.344,0.596,0.94,7,1B,W
2017,May,LAD,Home,STL,CG,4,0,1,1,0,1,0.271,0.341,0.61,0.951,6,LF,W
2017,May,LAD,Home,STL,CG,6,0,0,0,0,4,0.258,0.326,0.581,0.907,2,LF,W
2017,May,LAD,Home,STL,CG,4,0,0,0,1,1,0.252,0.324,0.567,0.891,6,LF,L
2017,June,LAD,Home,STL,CG,4,1,0,0,0,0,0.252,0.322,0.565,0.887,3,LF,L
2017,June,LAD,Home,MIL,CG,5,0,1,1,1,3,0.252,0.325,0.578,0.902,6,1BLF,W
2017,June,LAD,Home,MIL,CG,5,1,0,1,1,2,0.252,0.327,0.568,0.895,5,1BLF,W
2017,June,LAD,Home,MIL,CG,4,1,0,0,0,2,0.252,0.325,0.559,0.884,5,LF,L
2017,June,LAD,Away,WSN,GF,1,1,0,0,0,0,0.257,0.329,0.569,0.899,8,PH,L
2017,June,LAD,Away,WSN,CG,4,0,0,0,0,3,0.25,0.321,0.554,0.875,5,LF,L
2017,June,LAD,Away,WSN,CG,3,0,0,0,1,1,0.247,0.321,0.547,0.868,5,LF,W
2017,June,LAD,Away,CIN,CG,4,0,0,0,1,1,0.242,0.32,0.536,0.856,7,1B,W
2017,June,LAD,Away,CIN,CG,4,0,1,1,0,1,0.242,0.318,0.548,0.866,5,LF,W
2017,June,LAD,Away,CIN,CG,4,0,2,3,0,0,0.248,0.322,0.584,0.906,6,1BLF,W
2017,June,LAD,Home,CLE,CG,5,1,2,4,1,1,0.261,0.335,0.63,0.965,4,1B,W
2017,June,LAD,Home,CLE,CG,5,0,0,0,1,2,0.254,0.332,0.615,0.947,4,1B,W
2017,June,LAD,Home,CLE,CG,5,0,1,1,1,0,0.254,0.333,0.624,0.958,4,1B,L
2017,June,LAD,Home,CIN,CG,5,1,0,0,0,1,0.253,0.33,0.612,0.942,4,1B,W
2017,June,LAD,Home,CIN,CG,5,2,1,3,0,0,0.262,0.337,0.634,0.97,4,1B,W
2017,June,LAD,Home,CIN,CG,5,1,0,0,0,2,0.261,0.333,0.628,0.961,4,1B,W
2017,June,LAD,Away,NYM,CG,5,1,2,4,0,1,0.269,0.34,0.658,0.998,4,1B,W
2017,June,LAD,Away,NYM,GS,4,0,1,2,1,0,0.27,0.342,0.668,1.011,4,1B,W
2017,June,LAD,Away,NYM,CG,4,1,0,0,0,2,0.27,0.341,0.665,1.006,4,1B,W
2017,June,LAD,Away,NYM,CG,4,1,0,0,1,1,0.271,0.344,0.665,1.009,4,1B,W
2017,June,LAD,Away,COL,CG,4,1,0,2,0,1,0.272,0.342,0.665,1.007,4,1B,W
2017,June,LAD,Away,COL,CG,4,0,0,0,0,0,0.267,0.336,0.652,0.989,4,LF,W
2017,June,LAD,Away,COL,CG,5,1,2,4,0,0,0.274,0.342,0.679,1.021,4,RF,W
2017,June,LAD,Away,LAA,CG,4,0,0,0,1,3,0.271,0.34,0.67,1.01,4,1B,L
2017,June,LAD,Away,LAA,CG,4,1,0,1,2,0,0.273,0.347,0.668,1.015,4,1B,W
2017,June,LAD,Home,LAA,CG,4,0,0,0,0,3,0.268,0.341,0.656,0.998,4,DH,L
2017,June,LAD,Home,LAA,CG,4,1,0,0,0,0,0.268,0.34,0.654,0.993,4,1B,W
2017,June,LAD,Home,SDP,CG,5,1,0,0,1,2,0.267,0.341,0.647,0.988,4,1B,W
2017,August,LAD,Home,SDP,CG,5,0,0,0,0,2,0.262,0.335,0.633,0.967,4,1B,W
2017,July,LAD,Home,SDP,CG,5,1,0,0,0,2,0.26,0.332,0.624,0.956,4,1B,L
2017,July,LAD,Away,ARI,CG,4,1,0,0,1,1,0.261,0.335,0.62,0.955,4,1B,W
2017,July,LAD,Away,ARI,CG,4,0,0,0,1,1,0.258,0.333,0.613,0.946,4,1BRF,W
2017,July,LAD,Away,ARI,GF,1,0,0,0,1,0,0.258,0.336,0.613,0.949,9,PH,W
2017,July,LAD,Away,KCR,CG,4,1,0,0,1,1,0.259,0.338,0.61,0.948,4,1B,W
2017,July,LAD,Away,KCR,CG,5,1,1,2,2,1,0.264,0.346,0.626,0.972,4,1BRF,W
2017,July,LAD,Away,KCR,CG,3,0,0,0,0,0,0.261,0.342,0.619,0.961,4,1B,W
2017,July,LAD,Home,MIA,CG,4,1,0,0,0,1,0.261,0.341,0.613,0.954,4,1B,W
2017,July,LAD,Home,MIA,CG,5,3,1,3,0,0,0.271,0.349,0.639,0.988,4,1B,W
2017,July,LAD,Home,MIA,CG,4,0,0,0,1,2,0.268,0.348,0.632,0.98,4,1B,W
2017,July,LAD,Home,CHW,CG,4,2,0,1,2,0,0.273,0.356,0.635,0.991,4,1B,W
2017,July,LAD,Home,CHW,CG,4,0,0,0,1,1,0.27,0.355,0.628,0.982,4,1B,W
2017,July,LAD,Away,ATL,CG,4,1,0,1,0,1,0.27,0.353,0.622,0.976,4,1B,L
2017,July,LAD,Away,ATL,CG,4,1,0,0,0,0,0.27,0.352,0.617,0.969,4,1B,L
2017,July,LAD,Away,ATL,CG,4,1,0,0,0,0,0.269,0.351,0.612,0.963,3,1B,W
2017,July,LAD,Away,ATL,CG,5,0,1,1,1,1,0.269,0.352,0.617,0.969,4,1B,W
2017,July,LAD,Away,MIN,CG,4,0,1,3,0,1,0.269,0.35,0.622,0.973,4,1B,W
2017,July,LAD,Away,MIN,CG,4,1,0,0,1,0,0.269,0.352,0.62,0.972,4,1B,W
2017,July,LAD,Away,MIN,CG,4,0,0,0,0,3,0.266,0.348,0.611,0.959,4,1B,W
2017,July,LAD,Away,SFG,CG,4,0,0,0,0,0,0.262,0.344,0.603,0.947,4,1B,W
2017,July,LAD,Away,SFG,CG,4,2,0,2,0,1,0.265,0.346,0.602,0.948,4,1B,W
2017,July,LAD,Away,SFG,GS,5,1,0,0,2,0,0.266,0.349,0.599,0.949,4,1B,W
2017,August,LAD,Home,ATL,CG,4,1,1,1,0,0,0.269,0.351,0.608,0.959,4,1B,W
2017,August,LAD,Home,ATL,CG,4,1,1,1,0,0,0.272,0.353,0.616,0.968,4,1B,L
2017,August,LAD,Home,ATL,CG,5,0,0,0,0,2,0.268,0.348,0.606,0.954,4,1B,W
2017,August,LAD,Home,NYM,CG,4,0,0,0,0,2,0.264,0.344,0.599,0.943,4,1B,W
2017,August,LAD,Home,NYM,CG,5,0,1,2,0,1,0.263,0.342,0.602,0.944,4,1B,W
2017,August,LAD,Home,NYM,CG,4,0,1,2,1,1,0.264,0.344,0.608,0.952,4,1B,W
2017,August,LAD,Home,ARI,CG,4,1,0,0,0,1,0.264,0.343,0.607,0.95,4,1B,L
2017,August,LAD,Home,ARI,CG,4,1,1,1,0,1,0.267,0.344,0.617,0.962,4,1B,W
2017,August,LAD,Home,ARI,CG,5,0,0,0,0,0,0.263,0.34,0.609,0.949,4,1B,W
2017,August,LAD,Away,SDP,CG,5,3,0,2,0,1,0.268,0.343,0.608,0.952,4,1B,L
2017,August,LAD,Away,SDP,CG,4,2,1,1,1,0,0.274,0.35,0.62,0.97,4,1B,W
2017,August,LAD,Away,SDP,CG,4,1,0,0,1,0,0.274,0.351,0.62,0.972,4,1B,W
2017,August,LAD,Away,CHW,CG,4,1,0,0,2,0,0.275,0.355,0.62,0.975,4,1B,W
2017,August,LAD,Away,CHW,GF,1,1,0,0,0,0,0.277,0.357,0.621,0.978,4,PH,W
2017,August,LAD,Home,DET,CG,5,0,0,0,2,2,0.275,0.357,0.616,0.973,4,LF,W
2017,August,LAD,Home,DET,GS,2,0,0,0,0,1,0.274,0.356,0.612,0.968,4,RF,W
2017,August,LAD,Home,ARI,CG,5,1,0,0,0,3,0.273,0.356,0.609,0.965,4,1B,L
2017,August,LAD,Home,ARI,CG,4,0,0,0,0,1,0.271,0.353,0.602,0.955,4,LF,L
2017,September,LAD,Home,SDP,CG,4,1,0,0,0,2,0.27,0.352,0.598,0.95,4,1B,W
2017,September,LAD,Home,SDP,CG,4,0,1,2,0,0,0.27,0.351,0.603,0.954,4,1B,L
2017,September,LAD,Home,SDP,CG,4,1,1,1,0,1,0.272,0.352,0.614,0.967,4,1B,L
2017,September,LAD,Away,ARI,CG,4,0,0,0,0,2,0.27,0.349,0.608,0.957,4,1B,L
2017,September,LAD,Away,ARI,CG,4,1,0,0,0,1,0.27,0.348,0.605,0.953,4,CF,L
2017,September,LAD,Away,ARI,CG,4,1,0,1,0,1,0.269,0.347,0.601,0.948,4,1B,L
2017,September,LAD,Away,COL,CG,4,2,0,0,0,1,0.272,0.349,0.605,0.954,3,1B,L
2017,September,LAD,Away,COL,CG,5,0,0,0,0,2,0.268,0.345,0.598,0.942,4,1B,L
2017,September,LAD,Away,COL,CG,4,1,0,0,1,1,0.269,0.346,0.598,0.944,4,1B,L
2017,September,LAD,Away,COL,CG,4,0,0,0,1,2,0.267,0.345,0.594,0.939,4,1B,L
2017,September,LAD,Home,SFG,CG,5,1,0,0,1,0,0.267,0.346,0.59,0.936,4,LFCF,L
2017,September,LAD,Home,SFG,CG,5,2,0,0,3,0,0.27,0.353,0.592,0.945,4,1B,W
2017,September,LAD,Home,SFG,CG,5,1,1,3,1,1,0.272,0.355,0.603,0.959,4,1B,W
2017,September,LAD,Home,WSN,CG,4,1,0,0,1,1,0.273,0.357,0.604,0.96,4,1B,W
2017,September,LAD,Home,WSN,CG,4,1,1,2,1,1,0.275,0.36,0.611,0.971,4,1B,W
2017,September,LAD,Home,WSN,CG,4,0,0,0,0,1,0.273,0.357,0.606,0.962,4,1B,L
2017,September,LAD,Home,PHI,CG,4,1,0,0,0,2,0.273,0.356,0.602,0.958,3,1B,L
2017,September,LAD,Home,PHI,CG,4,2,0,0,0,2,0.275,0.357,0.601,0.958,4,1B,L
2017,September,LAD,Home,PHI,CG,5,1,0,2,1,2,0.275,0.358,0.6,0.958,4,1B,L
2017,September,LAD,Home,PHI,CG,5,1,0,1,0,0,0.274,0.356,0.596,0.952,3,1BCF,W
2017,September,LAD,Away,SFG,CG,4,0,1,3,1,1,0.274,0.357,0.601,0.958,3,1B,W
2017,September,LAD,Away,SFG,GF,1,0,0,0,0,0,0.274,0.356,0.6,0.956,9,PH1B,L
2017,September,LAD,Away,SFG,CG,4,1,0,0,0,0,0.273,0.356,0.599,0.954,3,1B,W
2017,September,LAD,Away,SDP,GS,4,0,0,0,1,1,0.272,0.355,0.595,0.95,4,LF,W
2017,September,LAD,Away,SDP,GS,4,0,0,1,2,1,0.27,0.356,0.592,0.948,4,CF,W
2017,September,LAD,Away,SDP,GS,4,0,0,1,0,3,0.269,0.353,0.588,0.942,4,1B,W
2017,September,LAD,Home,COL,CG,4,0,0,0,0,2,0.266,0.351,0.584,0.934,4,1B,L
2017,September,LAD,Home,COL,CG,4,1,0,0,0,2,0.266,0.35,0.581,0.931,4,1B,W
2017,October,LAD,Home,COL,CG,5,1,0,1,2,1,0.267,0.352,0.581,0.933,4,1B,W
2018,March,LAD,Away,SFG,CG,4,0,0,0,0,2,0,0,0,0,5,1B,L
2018,March,LAD,Away,SFG,CG,3,0,0,0,0,1,0,0,0,0,4,1B,L
2018,March,LAD,Away,SFG,CG,3,0,0,0,1,0,0,0.1,0,0.1,5,1B,W
2018,April,LAD,Away,SFG,CG,4,1,1,2,0,0,0.154,0.214,0.385,0.599,5,1B,W
2018,April,LAD,Home,ARI,CG,8,4,0,1,1,1,0.3,0.364,0.45,0.814,5,1B,L
2018,April,LAD,Home,ARI,CG,4,0,0,0,0,0,0.25,0.308,0.375,0.683,4,1B,L
2018,April,LAD,Home,ARI,GF,1,0,0,0,0,1,0.24,0.296,0.36,0.656,8,PH1B,L
2018,April,LAD,Home,SFG,CG,7,2,0,0,0,2,0.25,0.294,0.344,0.638,4,1B,L
2018,April,LAD,Home,SFG,GF,1,1,0,0,0,0,0.273,0.314,0.394,0.708,9,1B,W
2018,April,LAD,Away,OAK,CG,4,2,0,0,0,1,0.297,0.333,0.405,0.739,6,1B,W
2018,April,LAD,Away,OAK,CG,4,0,0,0,0,0,0.268,0.302,0.366,0.668,5,1B,L
2018,April,LAD,Away,ARI,CG,5,2,1,1,0,0,0.304,0.333,0.457,0.79,4,1B,L
2018,April,LAD,Away,ARI,CG,4,1,0,0,0,2,0.3,0.327,0.46,0.787,4,1B,L
2018,April,LAD,Away,ARI,CG,5,2,0,0,0,1,0.309,0.333,0.455,0.788,4,1B,W
2018,April,LAD,Home,SDP,CG,5,1,0,0,2,0,0.31,0.355,0.448,0.803,4,1B,W
2018,April,LAD,Home,SDP,CG,6,1,0,0,0,1,0.297,0.338,0.453,0.791,4,1B,W
2018,April,LAD,Home,SDP,CG,5,2,0,1,0,2,0.304,0.342,0.464,0.806,4,1B,W
2018,April,LAD,Away,WSN,CG,4,0,0,0,1,3,0.292,0.338,0.444,0.782,4,1BLF,L
2018,April,LAD,Away,WSN,CG,4,0,1,2,0,1,0.289,0.333,0.474,0.807,4,1B,W
2018,April,LAD,Away,WSN,CG,4,1,0,1,1,0,0.291,0.341,0.481,0.822,4,1B,W
2018,April,LAD,Away,MIA,CG,4,0,0,1,0,1,0.28,0.326,0.463,0.789,4,1B,W
2018,April,LAD,Away,MIA,CG,4,0,0,0,1,2,0.271,0.323,0.447,0.77,4,1B,L
2018,April,LAD,Away,MIA,CG,5,2,0,0,0,2,0.278,0.327,0.456,0.782,4,1B,L
2018,April,LAD,Home,SFG,CG,4,0,0,0,2,0,0.272,0.333,0.446,0.779,6,1B,L
2018,April,LAD,Home,SFG,CG,6,3,0,3,1,0,0.289,0.352,0.474,0.826,4,1BRF,W
2018,April,LAD,Home,SFG,CG,4,0,0,0,0,0,0.277,0.339,0.455,0.795,4,1B,L
2018,April,LAD,Home,SFG,GS,2,2,0,0,0,0,0.291,0.351,0.476,0.827,6,1B,L
2018,April,LAD,Home,ARI,CG,4,0,0,0,0,2,0.28,0.339,0.458,0.797,4,1B,L
2018,May,LAD,Home,ARI,CG,4,0,1,2,0,1,0.279,0.336,0.477,0.814,4,1B,L
2018,May,LAD,Home,ARI,CG,4,2,0,1,0,0,0.287,0.341,0.478,0.82,4,1B,W
2018,May,LAD,Home,ARI,CG,4,1,0,1,0,0,0.288,0.338,0.483,0.822,4,1B,W
2018,May,LAD,Home,SDP,GF,1,0,0,0,0,0,0.286,0.336,0.479,0.815,9,1B,W
2018,May,LAD,Home,SDP,CG,5,0,0,0,1,2,0.276,0.331,0.463,0.794,4,1B,L
2018,May,LAD,Home,SDP,CG,5,2,0,0,1,2,0.283,0.34,0.465,0.805,4,1B,L
2018,May,LAD,Away,ARI,CG,6,2,0,1,1,0,0.288,0.347,0.47,0.817,4,1B,L
2018,May,LAD,Away,ARI,CG,4,0,0,0,0,3,0.279,0.338,0.456,0.794,5,1B,W
2018,May,LAD,Away,CIN,CG,4,0,0,0,0,2,0.271,0.329,0.443,0.772,4,1B,L
2018,May,LAD,Away,CIN,CG,4,1,0,0,0,2,0.273,0.333,0.455,0.788,5,1B,L
2018,May,LAD,Away,CIN,CG,5,0,1,1,0,1,0.27,0.329,0.466,0.795,4,1B,L
2018,May,LAD,Away,CIN,CG,4,1,0,0,0,2,0.27,0.327,0.461,0.788,4,1B,L
2018,May,LAD,Home,MIA,CG,4,0,1,1,0,1,0.269,0.326,0.474,0.8,6,1B,L
2018,May,LAD,Home,MIA,CG,4,1,0,0,1,0,0.27,0.33,0.478,0.808,5,CF,L
2018,May,LAD,Home,MIA,CG,5,0,0,0,2,0,0.265,0.331,0.469,0.801,6,1B,W
2018,May,LAD,Home,WSN,CG,4,0,0,1,0,3,0.259,0.324,0.458,0.782,2,CF,W
2018,May,LAD,Home,WSN,CG,5,0,1,1,0,1,0.257,0.321,0.468,0.789,4,CF,W
2018,May,LAD,Home,WSN,CG,5,0,0,1,0,2,0.25,0.313,0.455,0.767,2,CF,W
2018,May,LAD,Away,COL,CG,4,0,0,0,0,1,0.244,0.307,0.444,0.751,5,CF,L
2018,May,LAD,Away,COL,CG,4,1,0,0,0,0,0.245,0.305,0.446,0.751,5,CF,W
2018,May,LAD,Away,COL,GF,1,0,0,0,0,0,0.243,0.304,0.443,0.747,4,1B,W
2018,May,LAD,Away,SDP,CG,3,0,0,0,1,0,0.241,0.304,0.439,0.743,6,1B,W
2018,May,LAD,Away,SDP,CG,4,0,0,1,1,0,0.237,0.303,0.432,0.735,6,CF,L
2018,May,LAD,Away,SDP,CG,4,0,1,2,0,0,0.237,0.302,0.443,0.746,6,1BCF,W
2018,May,LAD,Away,PHI,CG,4,0,0,0,1,2,0.234,0.301,0.437,0.738,5,CF,W
2018,May,LAD,Away,PHI,CG,4,0,0,0,1,2,0.23,0.3,0.43,0.73,3,CF,L
2018,May,LAD,Away,PHI,CG,5,2,0,0,1,2,0.235,0.307,0.431,0.738,5,CF,W
2018,May,LAD,Away,PHI,CG,3,0,0,0,0,1,0.232,0.303,0.425,0.728,5,CF,L
2018,June,LAD,Home,COL,GF,1,0,0,0,0,1,0.231,0.302,0.423,0.725,9,CF,W
2018,June,LAD,Home,COL,CG,5,0,0,0,1,2,0.226,0.3,0.415,0.715,5,1B,W
2018,June,LAD,Home,COL,GF,1,0,0,0,0,1,0.225,0.298,0.413,0.711,9,CF,W
2018,June,LAD,Home,PIT,CG,4,0,1,1,0,1,0.226,0.298,0.424,0.721,7,1B,W
2018,June,LAD,Home,PIT,CG,5,0,1,2,2,0,0.227,0.304,0.436,0.74,5,CF,L
2018,June,LAD,Home,PIT,CG,5,2,1,2,1,1,0.237,0.313,0.46,0.773,5,1B,W
2018,June,LAD,Away,ATL,CG,4,0,1,1,2,0,0.239,0.32,0.473,0.794,4,1B,W
2018,June,LAD,Away,ATL,GS,4,0,0,0,0,3,0.235,0.315,0.465,0.781,4,1B,L
2018,June,LAD,Away,ATL,CG,4,1,0,0,0,3,0.235,0.314,0.466,0.78,6,1B,W
2018,June,LAD,Away,TEX,CG,5,2,0,1,2,1,0.241,0.323,0.473,0.796,5,1BCF,W
2018,June,LAD,Away,TEX,CG,5,1,0,0,2,1,0.242,0.328,0.475,0.803,5,1B,W
2018,June,LAD,Away,SFG,CG,4,0,0,0,1,2,0.239,0.327,0.469,0.796,6,1B,W
2018,June,LAD,Away,SFG,CG,4,0,0,0,0,2,0.235,0.323,0.462,0.784,4,CF,L
2018,June,LAD,Home,CHC,CG,5,0,0,0,1,2,0.231,0.321,0.454,0.775,6,1BCF,W
2018,June,LAD,Home,CHC,CG,5,1,0,0,2,2,0.232,0.325,0.453,0.778,6,1BCF,L
2018,June,LAD,Home,CHC,GF,1,0,0,0,0,0,0.231,0.324,0.451,0.775,1,CF,L
2018,June,LAD,Home,NYM,CG,4,0,1,4,0,1,0.232,0.323,0.459,0.783,5,1B,W
2018,June,LAD,Home,NYM,CG,5,2,0,0,1,2,0.236,0.328,0.468,0.795,4,CF,W
2018,June,LAD,Home,NYM,CG,5,0,2,2,0,0,0.239,0.329,0.489,0.818,4,1BCF,W
2018,June,LAD,Away,CHC,CG,3,1,0,0,0,1,0.24,0.329,0.491,0.82,4,1BCF,W
2018,June,LAD,Away,CHC,CG,4,2,0,1,0,0,0.244,0.331,0.491,0.822,6,CF,L
2018,June,LAD,Away,CHC,CG,5,1,1,1,0,1,0.246,0.332,0.5,0.832,4,CF,W
2018,June,LAD,Away,CHC,CG,5,0,0,0,0,1,0.242,0.327,0.491,0.818,6,CF,L
2018,June,LAD,Away,COL,CG,4,1,0,0,0,1,0.242,0.326,0.488,0.814,4,1B,L
2018,June,LAD,Away,COL,CG,3,0,0,0,0,0,0.24,0.323,0.483,0.806,4,1B,L
2018,July,LAD,Away,COL,CG,4,0,0,1,0,1,0.236,0.319,0.476,0.796,5,1B,W
2018,July,LAD,Away,PIT,GS,4,1,1,2,1,0,0.241,0.324,0.488,0.813,4,1B,W
2018,July,LAD,Away,PIT,CG,4,0,0,0,1,1,0.238,0.324,0.483,0.807,4,1B,W
2018,July,LAD,Away,PIT,CG,4,1,0,0,1,0,0.239,0.326,0.485,0.811,4,1BCF,W
2018,July,LAD,Home,LAA,CG,4,1,0,0,1,2,0.24,0.328,0.487,0.815,4,CF,L
2018,July,LAD,Home,LAA,CG,4,0,0,0,0,0,0.237,0.324,0.481,0.805,4,1B,W
2018,July,LAD,Home,LAA,CG,4,0,0,0,0,1,0.234,0.32,0.475,0.795,6,CF,L
2018,July,LAD,Home,SDP,CG,5,3,0,0,0,0,0.24,0.324,0.483,0.807,4,1BRF,W
2018,July,LAD,Home,SDP,CG,3,1,0,0,0,0,0.241,0.324,0.485,0.809,6,CF,L
2018,July,LAD,Home,SDP,CG,4,2,0,0,0,0,0.244,0.326,0.488,0.814,7,CFRF,W
2018,July,LAD,Home,SDP,CG,4,0,0,0,0,1,0.241,0.323,0.482,0.805,3,1B,W
2018,July,LAD,Away,LAA,CG,4,1,0,0,2,0,0.243,0.327,0.485,0.812,4,1B,W
2018,July,LAD,Away,LAA,CG,5,1,0,1,0,2,0.242,0.326,0.481,0.806,6,1B,L
2018,July,LAD,Away,LAA,CG,4,2,0,0,0,1,0.245,0.327,0.481,0.808,4,1B,W
2018,July,LAD,Home,MIL,CG,5,1,0,0,0,2,0.244,0.326,0.477,0.803,6,1B,W
2018,July,LAD,Home,MIL,CG,4,1,0,0,0,3,0.244,0.325,0.474,0.799,7,1B,L
2018,July,LAD,Home,MIL,GF,3,1,0,0,1,0,0.246,0.328,0.48,0.808,3,1B,W
2018,July,LAD,Home,PHI,CG,5,0,0,0,0,1,0.242,0.323,0.474,0.797,6,CF,W
2018,July,LAD,Home,PHI,CG,7,2,0,0,1,2,0.244,0.325,0.471,0.796,6,CFRF,L
2018,July,LAD,Home,PHI,GF,1,0,0,0,0,1,0.243,0.324,0.47,0.794,6,PH,L
2018,July,LAD,Home,ATL,CG,5,1,0,0,1,1,0.243,0.325,0.468,0.793,6,1BCF,W
2018,July,LAD,Home,ATL,CG,4,1,0,0,0,1,0.243,0.325,0.465,0.79,6,1BCF,W
2018,July,LAD,Home,ATL,CG,5,0,0,0,1,2,0.241,0.326,0.462,0.787,5,1B,W
2018,July,LAD,Home,ATL,GF,2,0,0,0,0,1,0.24,0.324,0.459,0.783,9,1B,L
2018,July,LAD,Away,MIL,CG,4,0,0,0,1,2,0.238,0.323,0.455,0.779,5,CF,L
2018,July,LAD,Away,MIL,CG,3,0,0,0,1,0,0.237,0.323,0.453,0.777,6,CF,L
2018,August,LAD,Away,MIL,CG,4,0,0,0,2,0,0.236,0.325,0.451,0.776,6,1BCF,W
2018,August,LAD,Away,MIL,CG,5,1,1,5,1,0,0.238,0.328,0.459,0.787,5,1BCF,W
2018,August,LAD,Away,HOU,CG,4,1,0,0,0,2,0.239,0.327,0.457,0.784,5,1BCF,L
2018,August,LAD,Away,HOU,OTHERS,1,0,0,0,0,0,0.238,0.327,0.456,0.782,7,PH1B,L
2018,August,LAD,Away,HOU,CG,4,2,0,1,0,1,0.241,0.328,0.459,0.787,4,CF,W
2018,August,LAD,Home,OAK,CG,4,1,0,1,2,0,0.242,0.332,0.459,0.791,7,1B,W
2018,August,LAD,Home,OAK,CG,4,2,0,0,0,2,0.244,0.333,0.459,0.793,6,CF,L
2018,August,LAD,Home,COL,CG,5,1,1,2,0,1,0.246,0.334,0.466,0.8,5,1B,W
2018,August,LAD,Home,COL,CG,4,3,0,1,0,0,0.251,0.338,0.469,0.806,5,CFRF,L
2018,August,LAD,Home,COL,GF,0,0,0,0,0,0,0.251,0.338,0.469,0.806,9,1B,L
2018,August,LAD,Home,COL,CG,4,2,0,0,0,0,0.254,0.339,0.469,0.808,4,CF,L
2018,August,LAD,Away,SFG,CG,4,1,0,0,0,0,0.254,0.338,0.467,0.805,7,1BCF,L
2018,August,LAD,Away,SFG,CG,4,1,0,0,0,1,0.254,0.337,0.465,0.802,6,1B,L
2018,August,LAD,Away,SFG,GF,4,1,0,0,2,0,0.255,0.341,0.465,0.806,6,PH1BCF,W
2018,August,LAD,Home,SEA,CG,5,2,0,1,1,1,0.257,0.343,0.465,0.809,4,CF,W
2018,August,LAD,Home,SEA,CG,5,1,1,2,1,1,0.259,0.346,0.472,0.819,4,CF,L
2018,August,LAD,Home,SEA,CG,6,3,0,2,0,2,0.262,0.348,0.475,0.823,5,1B,W
2018,August,LAD,Away,STL,GS,5,0,0,1,1,1,0.261,0.346,0.472,0.818,4,1BCF,L
2018,August,LAD,Away,STL,CG,5,1,0,0,0,2,0.26,0.345,0.469,0.814,4,CF,L
2018,August,LAD,Away,STL,CG,4,0,0,0,0,2,0.258,0.342,0.465,0.807,4,1BCF,L
2018,August,LAD,Away,SDP,CG,4,2,0,2,0,1,0.26,0.344,0.467,0.811,8,1B,W
2018,August,LAD,Away,SDP,CG,5,1,0,0,0,3,0.259,0.342,0.464,0.807,4,1BCF,W
2018,August,LAD,Away,SDP,GF,0,0,0,0,0,0,0.259,0.342,0.464,0.807,4,1B,W
2018,August,LAD,Home,TEX,CG,5,2,0,0,0,1,0.261,0.343,0.468,0.811,7,1B,W
2018,August,LAD,Home,TEX,CG,3,0,1,1,0,0,0.261,0.343,0.473,0.816,8,1B,W
2018,August,LAD,Away,ARI,GF,2,0,0,0,0,1,0.26,0.341,0.471,0.813,5,PH1B,L
2018,August,LAD,Away,ARI,CG,4,1,0,0,0,0,0.26,0.341,0.472,0.812,4,CF,W
2018,September,LAD,Away,ARI,GF,2,0,0,0,0,1,0.259,0.339,0.47,0.809,7,PH1BCF,W
2018,September,LAD,Away,ARI,CG,4,0,0,0,0,2,0.257,0.337,0.466,0.803,4,CF,W
2018,September,LAD,Away,NYM,CG,4,2,0,0,0,1,0.259,0.338,0.466,0.804,6,1BCF,L
2018,September,LAD,Away,NYM,GF,1,0,0,0,0,0,0.258,0.338,0.465,0.803,8,PH1B,W
2018,September,LAD,Away,NYM,CG,4,0,1,1,0,2,0.258,0.337,0.47,0.806,5,CF,L
2018,September,LAD,Home,COL,CG,5,2,0,1,1,1,0.26,0.339,0.472,0.811,5,1BCF,W
2018,September,LAD,Home,COL,GF,2,1,0,0,1,0,0.262,0.342,0.477,0.818,7,PHCF,L
2018,September,LAD,Home,COL,GF,3,0,0,0,1,2,0.261,0.342,0.475,0.817,1,PH1BCF,W
2018,September,LAD,Home,CIN,GF,3,1,0,0,1,1,0.261,0.343,0.475,0.818,5,PHCF,L
2018,September,LAD,Home,CIN,CG,4,0,0,0,0,2,0.259,0.341,0.471,0.812,4,1B,L
2018,September,LAD,Home,CIN,CG,5,0,0,0,1,1,0.257,0.34,0.468,0.807,6,CF,W
2018,September,LAD,Home,STL,GF,2,1,0,0,0,0,0.258,0.34,0.468,0.808,4,PH1B,W
2018,September,LAD,Home,STL,CG,4,0,0,0,0,1,0.257,0.34,0.465,0.805,6,1BCF,W
2018,September,LAD,Home,STL,GS,6,2,1,6,1,0,0.26,0.343,0.472,0.815,6,1BCF,W
2018,September,LAD,Home,STL,CG,4,1,0,0,1,1,0.261,0.344,0.471,0.815,6,CF,L
2018,September,LAD,Away,COL,CG,4,1,0,0,1,0,0.261,0.345,0.47,0.816,6,CF,W
2018,September,LAD,Away,COL,GF,1,0,0,0,0,0,0.26,0.344,0.47,0.814,6,PHCF,W
2018,September,LAD,Away,COL,CG,4,0,0,0,0,0,0.258,0.342,0.466,0.808,4,1BCF,W
2018,September,LAD,Away,SDP,GF,1,0,0,0,0,1,0.258,0.342,0.465,0.807,8,PHCF,L
2018,September,LAD,Away,SDP,CG,4,1,0,0,0,2,0.258,0.341,0.465,0.806,5,CF,W
2018,September,LAD,Away,SDP,GF,1,0,0,0,1,0,0.258,0.342,0.465,0.808,2,CF,W
2018,September,LAD,Home,ARI,GF,3,0,0,0,1,1,0.257,0.342,0.464,0.806,7,PHCF,W
2018,September,LAD,Home,ARI,CG,4,1,1,1,0,0,0.259,0.343,0.47,0.813,5,CF,L
2018,September,LAD,Home,ARI,CG,4,2,0,1,1,1,0.261,0.346,0.471,0.816,5,CF,L
2018,September,LAD,Home,SFG,GF,1,1,0,0,0,0,0.262,0.347,0.472,0.818,5,1BCF,W
2018,September,LAD,Home,SFG,CG,6,1,0,1,0,0,0.261,0.345,0.468,0.813,5,CF,W
2018,September,LAD,Home,SFG,GF,2,0,0,0,0,0,0.26,0.344,0.467,0.81,4,PH1BCF,W
2018,October,LAD,Away,COL,CG,4,0,1,2,0,0,0.26,0.343,0.47,0.814,6,1BCF,W
2019,March,LAD,Away,ARI,CG,4,1,1,1,0,0,0.5,0.5,1.25,1.75,6,RF,W
2019,March,LAD,Away,ARI,CG,6,1,0,0,1,1,0.333,0.4,0.667,1.067,7,RF,L
2019,March,LAD,Away,ARI,CG,6,2,2,6,0,0,0.467,0.5,1.067,1.567,4,RF,W
2019,March,LAD,Away,ARI,CG,5,2,1,1,0,1,0.5,0.524,1.1,1.624,2,1B,W
2019,April,LAD,Away,SFG,CG,4,1,0,0,0,1,0.458,0.48,0.958,1.438,6,RF,L
2019,April,LAD,Away,SFG,CG,4,0,1,4,0,0,0.429,0.448,0.964,1.413,5,RF,W
2019,April,LAD,Away,SFG,CG,4,2,0,1,0,2,0.438,0.455,0.906,1.361,6,RF,W
2019,April,LAD,Home,COL,CG,5,0,1,3,1,0,0.417,0.447,0.917,1.364,4,RF,W
2019,April,LAD,Home,COL,CG,4,2,0,1,0,1,0.425,0.452,0.95,1.402,4,1BRF,W
2019,April,LAD,Home,COL,CG,5,2,1,1,1,0,0.455,0.489,1.023,1.512,5,RF,W
2019,April,LAD,Home,STL,CG,4,0,0,1,2,0,0.435,0.49,0.978,1.468,3,1B,L
2019,April,LAD,Home,STL,CG,5,2,0,0,1,0,0.44,0.5,0.96,1.46,3,RF,L
2019,April,LAD,Home,STL,CG,4,1,0,0,0,0,0.426,0.483,0.907,1.391,4,1BRF,L
2019,April,LAD,Home,STL,GF,2,0,0,0,0,1,0.411,0.468,0.875,1.343,3,1BRF,L
2019,April,LAD,Away,MIL,CG,5,1,1,2,1,0,0.417,0.478,0.9,1.378,4,1BRF,L
2019,April,LAD,Away,MIL,CG,4,1,1,1,0,1,0.422,0.479,0.922,1.401,4,RF,L
2019,April,LAD,Away,MIL,CG,5,1,0,0,3,1,0.424,0.5,0.909,1.409,3,1B,W
2019,April,LAD,Away,CIN,GS,2,1,0,1,0,0,0.433,0.513,0.925,1.438,4,RF,W
2019,April,LAD,Away,CIN,CG,4,1,0,0,1,0,0.429,0.512,0.9,1.412,2,1B,W
2019,April,LAD,Home,MIL,CG,4,1,1,1,0,1,0.432,0.512,0.919,1.431,4,RF,W
2019,April,LAD,Home,MIL,CG,5,1,0,1,0,1,0.423,0.495,0.885,1.379,4,1BRF,W
2019,April,LAD,Home,MIL,CG,4,0,0,0,1,0,0.407,0.484,0.852,1.336,5,1BRF,L
2019,April,LAD,Home,MIL,CG,5,2,1,3,1,1,0.424,0.5,0.882,1.382,4,RF,W
2019,April,LAD,Home,CHC,CG,4,1,0,0,0,1,0.416,0.49,0.865,1.356,6,RF,L
2019,April,LAD,Home,CHC,CG,4,1,1,2,1,0,0.424,0.5,0.891,1.391,6,RF,L
2019,April,LAD,Home,CHC,CG,4,1,0,1,1,0,0.426,0.5,0.894,1.394,4,RF,W
2019,April,LAD,Away,PIT,CG,4,1,1,2,1,0,0.433,0.509,0.918,1.426,4,RF,W
2019,April,LAD,Away,PIT,CG,4,0,0,0,1,0,0.42,0.5,0.89,1.39,4,RF,W
2019,April,LAD,Away,PIT,CG,4,1,1,3,0,1,0.427,0.5,0.913,1.413,4,1B,W
2019,April,LAD,Home,SFG,CG,4,2,0,1,1,1,0.434,0.508,0.906,1.413,4,RF,L
2019,April,LAD,Home,SFG,GS,4,1,0,0,1,0,0.431,0.508,0.89,1.397,4,RF,W
2019,May,LAD,Home,SFG,CG,4,1,0,1,0,1,0.425,0.5,0.867,1.367,4,RF,L
2019,May,LAD,Home,SDP,CG,5,1,0,0,0,3,0.415,0.489,0.847,1.337,2,1BRF,W
2019,May,LAD,Home,SDP,OTHERS,1,0,0,0,0,1,0.412,0.486,0.84,1.326,9,PH,L
2019,May,LAD,Away,ATL,CG,5,1,0,0,0,2,0.403,0.476,0.815,1.291,2,RF,W
2019,May,LAD,Away,ATL,CG,5,2,0,0,0,1,0.403,0.474,0.806,1.28,3,RF,W
2019,May,LAD,Away,ATL,CG,5,0,0,0,2,0,0.394,0.471,0.788,1.259,4,RF,W
2019,May,LAD,Away,WSN,CG,4,1,0,0,2,0,0.396,0.478,0.784,1.262,3,RF,L
2019,May,LAD,Away,WSN,CG,4,2,0,0,0,1,0.399,0.479,0.775,1.254,3,RF,W
2019,May,LAD,Away,WSN,CG,4,1,0,0,0,1,0.394,0.473,0.761,1.234,4,RF,L
2019,May,LAD,Away,WSN,CG,4,3,0,0,1,0,0.407,0.486,0.772,1.258,4,RF,W
2019,May,LAD,Away,SDP,CG,4,1,1,3,0,0,0.409,0.486,0.785,1.271,4,RF,W
2019,May,LAD,Away,SDP,CG,4,0,0,0,1,0,0.401,0.481,0.77,1.25,3,RF,W
2019,May,LAD,Home,CIN,CG,4,1,1,1,0,1,0.404,0.481,0.788,1.27,4,RF,W
2019,May,LAD,Home,CIN,CG,4,2,0,0,1,0,0.409,0.487,0.786,1.273,3,RF,L
2019,May,LAD,Home,CIN,CG,5,0,1,2,1,2,0.405,0.485,0.791,1.276,4,RF,W
2019,May,LAD,Home,TBR,CG,5,1,0,0,2,0,0.404,0.487,0.783,1.271,4,RF,W
2019,May,LAD,Home,TBR,CG,4,0,0,0,0,1,0.394,0.478,0.765,1.243,4,RF,L
2019,May,LAD,Home,PIT,GS,5,0,1,2,0,0,0.389,0.471,0.766,1.237,4,RF,W
2019,May,LAD,Home,PIT,CG,5,2,0,2,1,1,0.391,0.474,0.765,1.24,4,RF,W
2019,May,LAD,Home,PIT,CG,6,1,0,0,1,1,0.386,0.47,0.755,1.226,4,RF,W
2019,May,LAD,Away,NYM,CG,5,0,1,1,1,0,0.383,0.469,0.761,1.229,4,RF,W
2019,May,LAD,Away,NYM,CG,4,0,1,2,1,0,0.382,0.469,0.77,1.239,4,RF,L
2019,May,LAD,Away,NYM,CG,5,1,0,1,0,0,0.378,0.464,0.76,1.224,4,RF,W
2019,May,LAD,Away,NYM,CG,4,1,0,0,1,0,0.377,0.464,0.754,1.218,4,RF,W
2019,May,LAD,Away,PHI,CG,4,2,0,0,0,0,0.379,0.465,0.749,1.213,4,RF,W
2019,June,LAD,Away,PHI,CG,4,1,0,0,1,1,0.379,0.465,0.743,1.208,4,RF,W
2019,June,LAD,Away,PHI,GS,4,1,0,0,0,2,0.376,0.462,0.733,1.195,4,RF,W
2019,June,LAD,Home,ARI,CG,5,1,0,2,1,1,0.374,0.461,0.734,1.194,4,RF,W
2019,June,LAD,Home,ARI,CG,5,1,0,0,0,1,0.37,0.456,0.721,1.177,4,RF,L
2019,June,LAD,Home,SFG,CG,4,0,0,0,1,1,0.365,0.452,0.712,1.164,4,RF,L
2019,June,LAD,Home,SFG,CG,5,0,0,0,3,0,0.362,0.455,0.705,1.161,4,RF,W
2019,June,LAD,Home,SFG,CG,4,0,0,0,0,2,0.355,0.449,0.693,1.142,4,RF,W
2019,June,LAD,Home,LAA,CG,4,1,0,0,0,0,0.353,0.446,0.685,1.131,4,RF,L
2019,June,LAD,Home,LAA,CG,5,1,0,0,1,1,0.352,0.445,0.678,1.123,4,RF,L
2019,June,LAD,Away,CHC,CG,4,1,2,3,0,1,0.358,0.449,0.704,1.153,4,RF,W
2019,June,LAD,Away,CHC,CG,4,1,0,0,2,0,0.36,0.453,0.702,1.156,4,RF,W
2019,June,LAD,Away,CHC,CG,4,0,0,0,1,2,0.355,0.451,0.694,1.144,4,RF,L
2019,June,LAD,Away,CHC,CG,4,0,1,1,1,1,0.355,0.451,0.702,1.153,4,RF,W
2019,June,LAD,Away,SFG,CG,4,1,0,0,1,1,0.355,0.452,0.701,1.153,4,RF,L
2019,June,LAD,Away,SFG,CG,5,2,0,0,0,0,0.355,0.451,0.699,1.15,4,RF,W
2019,June,LAD,Away,SFG,CG,4,1,1,2,1,0,0.359,0.455,0.71,1.165,4,RF,W
2019,June,LAD,Away,SFG,GF,1,0,0,0,0,1,0.358,0.453,0.708,1.161,4,1BRF,W
2019,June,LAD,Away,COL,CG,4,0,1,1,0,1,0.356,0.451,0.712,1.163,4,RF,W
2019,June,LAD,Away,COL,CG,5,1,0,0,0,2,0.353,0.447,0.706,1.153,4,RF,W
2019,June,LAD,Away,COL,CG,4,0,0,0,1,0,0.349,0.444,0.699,1.143,4,RF,W
2019,June,LAD,Home,ARI,CG,5,2,0,1,2,0,0.353,0.45,0.702,1.152,4,RF,L
2019,June,LAD,Home,ARI,GS,3,0,1,1,1,0,0.354,0.452,0.711,1.163,4,RF,L
2019,June,LAD,Home,COL,CG,5,1,1,1,1,1,0.356,0.454,0.719,1.173,4,RF,W
2019,June,LAD,Home,COL,CG,5,0,0,0,0,0,0.35,0.447,0.706,1.154,4,RF,L
2019,June,LAD,Home,COL,CG,4,1,0,1,0,1,0.348,0.445,0.703,1.149,4,RF,L
2019,June,LAD,Home,COL,CG,5,1,0,2,0,0,0.346,0.442,0.695,1.137,4,1B,W
2019,July,LAD,Away,ARI,CG,5,1,0,1,1,0,0.344,0.441,0.692,1.133,4,RF,W
2019,July,LAD,Away,ARI,CG,5,0,2,2,0,2,0.345,0.44,0.707,1.148,4,CFRF,W
2019,July,LAD,Away,SDP,CG,4,0,1,1,0,1,0.344,0.438,0.711,1.149,4,RF,W
2019,July,LAD,Away,SDP,CG,4,1,0,0,1,0,0.344,0.439,0.707,1.146,4,RF,L
2019,July,LAD,Away,SDP,CG,4,0,0,0,0,1,0.341,0.437,0.701,1.138,4,RF,L
2019,July,LAD,Away,SDP,CG,4,0,0,0,0,1,0.336,0.432,0.692,1.124,4,RF,L
2019,July,LAD,Home,BOS,CG,4,1,0,0,1,1,0.336,0.433,0.688,1.122,4,RF,L
2019,July,LAD,Home,BOS,GS,5,1,1,2,0,0,0.338,0.433,0.695,1.128,4,RF,W
2019,July,LAD,Home,BOS,CG,6,0,0,0,2,0,0.335,0.432,0.689,1.121,4,1BRF,W
2019,July,LAD,Home,PHI,CG,6,2,2,2,0,1,0.341,0.436,0.707,1.142,4,RF,W
2019,July,LAD,Home,PHI,CG,4,0,1,2,0,2,0.34,0.434,0.71,1.144,4,RF,L
2019,July,LAD,Home,PHI,CG,5,0,0,0,1,2,0.336,0.431,0.702,1.133,4,RF,W
2019,July,LAD,Home,PHI,CG,4,0,0,0,1,0,0.333,0.429,0.696,1.125,4,RF,L
2019,July,LAD,Away,MIA,CG,4,1,0,0,1,2,0.333,0.43,0.693,1.122,4,RF,W
2019,July,LAD,Away,MIA,GS,4,0,0,0,3,1,0.332,0.433,0.691,1.124,4,RF,W
2019,July,LAD,Away,LAA,CG,5,2,0,0,0,1,0.333,0.433,0.689,1.122,4,RF,L
2019,July,LAD,Away,LAA,GS,4,0,0,0,1,1,0.331,0.431,0.683,1.114,4,RF,L
2019,July,LAD,Home,WSN,CG,4,1,0,1,0,0,0.33,0.429,0.679,1.108,4,RF,W
2019,July,LAD,Home,WSN,CG,5,1,0,1,1,0,0.329,0.429,0.674,1.103,4,RF,W
2019,July,LAD,Home,WSN,GS,3,0,0,0,0,0,0.327,0.428,0.67,1.099,4,RF,L
2019,July,LAD,Home,COL,CG,4,2,0,0,1,0,0.33,0.431,0.673,1.104,4,RF,L
2019,July,LAD,Home,COL,CG,5,2,0,1,0,2,0.331,0.431,0.672,1.103,4,RF,W
2019,July,LAD,Home,COL,CG,4,0,0,0,1,2,0.328,0.429,0.667,1.096,4,RF,W
2019,August,LAD,Away,SDP,CG,4,1,1,3,1,1,0.331,0.432,0.677,1.109,4,RF,W
2019,August,LAD,Away,SDP,CG,4,0,1,2,0,2,0.33,0.43,0.681,1.111,4,RF,L
2019,August,LAD,Away,SDP,CG,4,0,0,0,0,0,0.326,0.427,0.674,1.1,4,1B,W
2019,August,LAD,Away,SDP,OTHERS,1,0,0,0,0,1,0.326,0.426,0.672,1.098,9,PH,W
2019,August,LAD,Away,STL,CG,5,0,1,3,1,0,0.325,0.426,0.675,1.101,4,1BRF,W
2019,August,LAD,Away,STL,CG,4,0,0,0,0,2,0.322,0.422,0.668,1.09,4,1BRF,W
2019,August,LAD,Away,STL,CG,4,1,0,0,0,1,0.321,0.421,0.664,1.085,4,CF,W
2019,August,LAD,Away,ARI,CG,4,0,0,0,1,0,0.319,0.419,0.659,1.078,4,RF,L
2019,August,LAD,Away,ARI,CG,4,0,0,0,0,1,0.315,0.416,0.653,1.068,4,RF,W
2019,August,LAD,Away,ARI,GS,4,1,1,1,0,0,0.317,0.416,0.661,1.077,4,1B,W
2019,August,LAD,Home,MIA,CG,5,0,1,1,0,2,0.316,0.414,0.663,1.077,4,1BCF,W
2019,August,LAD,Home,MIA,CG,5,2,0,0,0,0,0.317,0.414,0.66,1.074,4,CF,W
2019,August,LAD,Home,MIA,CG,5,0,1,3,2,0,0.317,0.416,0.664,1.08,4,1BRF,L
2019,August,LAD,Home,ATL,CG,4,1,1,1,0,1,0.319,0.417,0.672,1.089,4,CFRF,W
2019,August,LAD,Home,ATL,CG,5,1,0,0,1,2,0.318,0.416,0.668,1.085,4,CF,L
2019,August,LAD,Home,ATL,CG,4,0,1,3,0,1,0.317,0.415,0.671,1.086,4,RF,L
2019,August,LAD,Away,TOR,GS,4,2,0,3,1,0,0.32,0.418,0.673,1.091,4,1B,W
2019,August,LAD,Away,TOR,CG,4,0,0,0,0,0,0.317,0.414,0.667,1.082,4,1B,W
2019,August,LAD,Away,TOR,CG,4,1,0,0,0,0,0.316,0.413,0.666,1.079,4,CFRF,W
2019,August,LAD,Away,NYY,GS,3,0,0,0,0,3,0.314,0.411,0.662,1.072,4,RF,L
2019,August,LAD,Away,NYY,CG,4,1,0,0,0,2,0.314,0.41,0.658,1.068,4,RF,W
2019,August,LAD,Away,NYY,CG,4,0,0,0,1,1,0.312,0.409,0.654,1.062,4,RF,L
2019,August,LAD,Home,SDP,CG,4,0,0,0,1,1,0.31,0.407,0.649,1.057,4,1B,L
2019,August,LAD,Home,SDP,CG,5,1,0,0,1,0,0.309,0.407,0.648,1.055,4,1B,W
2019,August,LAD,Home,SDP,CG,5,0,0,0,3,1,0.308,0.409,0.645,1.054,4,1BRF,W
2019,August,LAD,Home,ARI,CG,5,1,0,0,2,1,0.308,0.411,0.645,1.056,4,RF,L
2019,August,LAD,Home,ARI,CG,4,1,0,1,0,0,0.307,0.41,0.646,1.056,4,CF,L
2019,August,LAD,Home,ARI,GF,1,1,0,0,0,0,0.309,0.411,0.649,1.06,7,PH,L
2019,September,LAD,Home,ARI,CG,5,1,1,1,0,0,0.31,0.411,0.653,1.063,4,RF,W
2019,September,LAD,Away,COL,GS,5,0,1,1,3,0,0.311,0.414,0.658,1.072,4,1B,W
2019,September,LAD,Away,COL,CG,4,0,0,0,1,0,0.309,0.413,0.654,1.067,4,CF,W
2019,September,LAD,Away,COL,CG,4,1,0,1,0,0,0.308,0.412,0.651,1.063,4,CF,W
2019,September,LAD,Away,SFG,CG,4,1,0,1,0,2,0.308,0.411,0.648,1.058,4,CF,L
2019,September,LAD,Away,SFG,CG,4,1,0,0,1,0,0.308,0.411,0.646,1.057,4,1B,L
2019,September,LAD,Away,SFG,CG,4,0,0,0,1,0,0.306,0.41,0.642,1.052,4,1B,W
2019,September,LAD,Home,BAL,CG,5,1,0,1,1,1,0.306,0.41,0.639,1.049,4,CF,W
2019,September,LAD,Home,BAL,CG,4,0,0,0,0,2,0.303,0.407,0.634,1.041,4,CF,L
2019,September,LAD,Home,BAL,CG,4,2,0,1,0,0,0.305,0.408,0.633,1.041,4,1B,W
2019,September,LAD,Home,NYM,CG,5,2,0,1,1,1,0.306,0.409,0.632,1.041,4,CF,W
2019,September,LAD,Home,NYM,CG,4,1,0,0,0,0,0.306,0.408,0.629,1.037,4,CF,L
2019,September,LAD,Home,NYM,CG,4,0,0,0,1,2,0.304,0.407,0.625,1.033,4,CF,W
2019,September,LAD,Away,TBR,CG,4,1,0,1,1,2,0.304,0.408,0.625,1.033,4,1BCF,W
2019,September,LAD,Away,TBR,CG,5,1,1,1,0,1,0.305,0.408,0.631,1.039,4,CFRF,L
2019,September,LAD,Away,COL,CG,5,1,0,0,1,0,0.305,0.408,0.63,1.038,4,1BCF,W
2019,September,LAD,Away,COL,CG,4,0,0,0,0,0,0.302,0.405,0.625,1.031,4,1BCF,L
2019,September,LAD,Away,COL,CG,4,0,1,4,0,1,0.302,0.404,0.628,1.032,4,1BCF,W
2019,September,LAD,Home,SDP,CG,4,0,0,0,0,1,0.3,0.402,0.623,1.025,4,1BCF,W
2019,September,LAD,Home,SDP,CG,4,2,0,0,0,1,0.301,0.402,0.623,1.025,4,CF,W
2019,September,LAD,Home,SFG,CG,4,1,1,1,1,0,0.303,0.405,0.628,1.033,4,CF,W
2019,September,LAD,Home,SFG,GS,3,1,0,0,0,0,0.303,0.404,0.628,1.033,4,CF,W
2019,September,LAD,Home,SFG,GS,2,1,0,0,1,0,0.305,0.406,0.629,1.035,4,1B,W
2020,July,LAD,Away,SFG,CG,5,1,0,0,1,0,0.25,0.4,0.5,0.9,3,CF,W
2020,July,LAD,Away,SFG,GS,5,0,0,0,1,0,0.125,0.3,0.25,0.55,4,CF,W
2020,July,LAD,Away,SFG,CG,5,1,0,0,0,0,0.154,0.267,0.231,0.497,3,CF,L
2020,July,LAD,Away,SFG,CG,4,2,0,1,0,0,0.235,0.316,0.294,0.61,4,CF,L
2020,July,LAD,Home,HOU,CG,5,1,0,1,0,2,0.227,0.292,0.273,0.564,4,CF,W
2020,July,LAD,Home,HOU,CG,5,0,0,0,1,1,0.192,0.276,0.231,0.507,3,CF,W
2020,July,LAD,Home,ARI,CG,5,0,0,0,0,1,0.161,0.235,0.194,0.429,4,CF,W
2020,July,LAD,Home,ARI,CG,5,0,0,0,0,2,0.139,0.205,0.167,0.372,3,1BCF,L
2020,August,LAD,Home,ARI,CG,4,0,1,2,0,0,0.15,0.209,0.25,0.459,4,CF,W
2020,August,LAD,Home,SDP,CG,4,0,1,1,0,1,0.159,0.213,0.318,0.531,4,CF,L
2020,August,LAD,Home,SDP,CG,5,2,0,0,0,0,0.184,0.231,0.327,0.557,4,1BCFRF,W
2020,August,LAD,Home,SDP,CG,4,0,0,0,0,1,0.17,0.214,0.302,0.516,4,CF,W
2020,August,LAD,Away,SFG,CG,5,1,0,0,1,1,0.175,0.23,0.298,0.528,3,CF,W
2020,August,LAD,Away,SFG,CG,4,0,0,0,1,0,0.167,0.231,0.283,0.514,3,CF,L
2020,August,LAD,Away,SFG,CG,4,1,0,0,0,1,0.172,0.232,0.281,0.513,3,CF,W
2020,August,LAD,Away,SDP,CG,4,1,0,1,0,1,0.176,0.233,0.279,0.512,3,CF,L
2020,August,LAD,Away,SDP,CG,4,0,0,0,0,0,0.167,0.221,0.264,0.485,3,1B,L
2020,August,LAD,Away,SDP,CG,4,1,0,1,0,0,0.171,0.222,0.276,0.499,3,DH,W
2020,August,LAD,Away,SDP,GS,4,0,0,0,1,1,0.165,0.224,0.266,0.489,4,1B,W
2020,August,LAD,Home,LAA,CG,4,0,2,4,0,1,0.181,0.236,0.349,0.585,5,CF,W
2020,August,LAD,Home,LAA,CG,5,2,0,0,1,1,0.195,0.255,0.356,0.612,5,1B,W
2020,August,LAD,Home,LAA,CG,4,0,0,0,0,1,0.187,0.245,0.341,0.586,4,CF,W
2020,August,LAD,Away,SEA,CG,5,0,0,0,2,1,0.181,0.252,0.33,0.582,4,CF,W
2020,August,LAD,Away,SEA,CG,3,0,0,0,0,2,0.175,0.245,0.32,0.565,5,CF,W
2020,August,LAD,Home,SEA,CG,4,0,1,1,0,1,0.178,0.245,0.347,0.592,4,1BCF,L
2020,August,LAD,Home,SEA,CG,4,1,1,2,1,1,0.192,0.263,0.385,0.648,4,CF,W
2020,August,LAD,Away,COL,CG,4,2,0,1,1,0,0.206,0.28,0.402,0.682,4,DH,W
2020,August,LAD,Away,COL,CG,4,0,1,1,1,1,0.209,0.287,0.427,0.714,5,1B,W
2020,August,LAD,Away,COL,CG,5,0,1,1,1,0,0.211,0.291,0.447,0.739,4,CF,W
2020,August,LAD,Home,SFG,CG,6,3,0,0,0,1,0.225,0.301,0.458,0.759,4,CF,L
2020,August,LAD,Home,SFG,CG,4,2,0,1,0,0,0.234,0.307,0.468,0.774,4,CF,W
2020,August,LAD,Home,SFG,CG,3,0,0,0,0,2,0.228,0.3,0.457,0.757,4,1B,W
2020,August,LAD,Home,TEX,CG,4,0,0,0,0,1,0.221,0.292,0.443,0.734,4,CF,L
2020,August,LAD,Home,TEX,CG,5,0,1,2,2,1,0.224,0.302,0.463,0.765,4,CF,W
2020,August,LAD,Home,TEX,CG,5,0,1,2,1,1,0.225,0.305,0.478,0.783,4,1BCF,W
2020,September,LAD,Away,ARI,CG,4,0,0,0,0,0,0.218,0.297,0.465,0.762,4,1B,W
2020,September,LAD,Away,COL,CG,4,2,0,0,0,0,0.226,0.302,0.466,0.768,4,1B,W
2020,September,LAD,Away,COL,CG,4,0,0,0,1,0,0.221,0.301,0.456,0.758,4,CF,L
2020,September,LAD,Away,COL,CG,4,0,0,0,0,0,0.216,0.294,0.444,0.739,4,1B,L
2020,September,LAD,Home,ARI,CG,6,1,0,0,2,1,0.217,0.301,0.439,0.741,4,CF,W
2020,September,LAD,Home,ARI,CG,5,0,0,0,0,3,0.21,0.293,0.426,0.719,4,1B,W
2020,September,LAD,Home,ARI,CG,4,1,0,0,0,0,0.211,0.292,0.422,0.714,6,1B,L
2020,September,LAD,Away,HOU,CG,4,1,0,0,0,2,0.212,0.291,0.418,0.709,6,1B,L
2020,September,LAD,Away,HOU,CG,4,2,0,0,0,1,0.218,0.295,0.42,0.715,6,1B,W
2020,September,LAD,Home,SDP,CG,4,0,0,0,1,0,0.215,0.294,0.412,0.707,6,CF,L
2020,September,LAD,Home,SDP,CG,4,1,0,1,0,1,0.215,0.294,0.409,0.702,5,1B,W
2020,September,LAD,Home,SDP,CG,4,1,0,1,0,1,0.216,0.293,0.405,0.698,6,1B,W
2020,September,LAD,Home,COL,CG,5,1,0,0,2,1,0.218,0.3,0.404,0.704,6,CF,W
2020,September,LAD,Home,COL,CG,5,2,1,3,0,0,0.228,0.307,0.43,0.737,5,CF,W
2020,September,LAD,Home,COL,CG,4,1,0,0,1,0,0.23,0.311,0.429,0.739,4,CF,W
2020,September,LAD,Home,COL,CG,4,1,0,0,1,2,0.231,0.314,0.432,0.746,5,CF,L
2020,September,LAD,Away,OAK,CG,4,2,0,1,2,0,0.239,0.326,0.443,0.769,4,CF,W
2020,September,LAD,Away,OAK,CG,4,0,1,1,0,2,0.239,0.325,0.454,0.778,7,CF,L
2020,September,LAD,Away,OAK,CG,4,1,0,0,2,0,0.242,0.332,0.459,0.791,6,CF,W
2020,September,LAD,Away,LAA,CG,4,0,0,0,1,1,0.238,0.331,0.452,0.783,6,CF,W
2020,September,LAD,Away,LAA,CG,4,1,0,1,1,0,0.239,0.333,0.455,0.789,5,1B,W
2021,April,LAD,Home,COL,CG,5,2,0,1,1,0,0.5,0.6,0.75,1.35,4,CF,L
2021,April,LAD,Home,COL,CG,5,1,0,1,0,1,0.333,0.4,0.667,1.067,4,CF,W
2021,April,LAD,Home,COL,CG,5,0,0,0,1,2,0.231,0.333,0.462,0.795,4,CF,W
2021,April,LAD,Home,OAK,GS,6,1,0,0,0,2,0.211,0.286,0.368,0.654,4,CF,W
2021,May,LAD,Away,SFG,CG,5,0,0,0,1,2,0.174,0.269,0.304,0.574,4,CFRF,L
2021,May,LAD,Away,SFG,CG,4,0,0,0,1,2,0.154,0.267,0.269,0.536,4,CF,L
2021,May,LAD,Away,STL,CG,4,0,0,0,1,3,0.138,0.265,0.241,0.506,4,CF,W
2021,June,LAD,Away,STL,GF,2,1,0,0,0,1,0.161,0.278,0.258,0.536,9,PHCF,L
2021,June,LAD,Away,STL,CG,5,1,1,6,1,1,0.2,0.317,0.371,0.689,4,CF,W
2021,June,LAD,Home,ATL,CG,5,0,0,1,1,3,0.179,0.304,0.333,0.638,4,CF,W
2021,June,LAD,Home,ATL,CG,4,1,0,0,1,0,0.19,0.32,0.333,0.653,3,CF,L
2021,June,LAD,Home,ATL,CG,4,1,0,0,0,0,0.196,0.315,0.326,0.641,6,CF,L
2021,June,LAD,Home,PIT,CG,4,1,0,0,0,1,0.2,0.31,0.32,0.63,4,CF,W
2021,June,LAD,Home,PIT,CG,4,0,0,0,0,0,0.185,0.29,0.296,0.587,5,CF,W
2021,June,LAD,Home,PIT,CG,5,2,0,0,0,1,0.203,0.299,0.305,0.604,4,CF,W
2021,June,LAD,Away,TEX,GS,4,2,0,1,1,0,0.226,0.324,0.323,0.647,4,CF,W
2021,June,LAD,Home,SDP,CG,4,0,0,0,2,0,0.219,0.333,0.313,0.646,4,CF,L
2021,June,LAD,Away,CHC,CG,4,0,0,0,2,2,0.212,0.342,0.303,0.645,4,CF,L
2021,June,LAD,Away,CHC,CG,4,1,0,0,1,2,0.217,0.349,0.304,0.654,4,CF,W
2021,June,LAD,Away,CHC,GF,2,0,1,1,0,0,0.225,0.353,0.352,0.705,9,CF,W
2021,June,LAD,Away,CHC,CG,4,0,1,3,1,0,0.233,0.36,0.397,0.757,2,CF,W
2021,June,LAD,Away,SFG,CG,3,0,0,0,0,2,0.224,0.348,0.382,0.729,4,CF,W
2021,June,LAD,Away,SFG,CG,4,0,0,0,1,2,0.215,0.344,0.367,0.711,4,CF,W
2021,July,LAD,Home,WSN,CG,3,1,0,0,0,0,0.22,0.343,0.366,0.709,6,CF,W
2021,July,LAD,Home,WSN,CG,5,0,0,0,0,2,0.207,0.327,0.345,0.672,4,CF,W
2021,July,LAD,Home,WSN,CG,4,0,0,0,1,1,0.2,0.324,0.333,0.657,4,CF,W
2021,July,LAD,Home,WSN,CG,5,0,0,0,0,3,0.189,0.31,0.316,0.626,4,CF,W
2021,July,LAD,Home,MIA,GF,1,0,0,1,0,0,0.189,0.307,0.316,0.623,8,PHCF,L
2021,July,LAD,Home,MIA,GS,5,1,0,0,1,1,0.192,0.311,0.313,0.624,4,CF,L
2021,July,LAD,Home,MIA,CG,4,0,0,0,1,1,0.186,0.309,0.304,0.613,6,CF,L
2021,July,LAD,Home,MIA,CG,5,1,0,0,0,1,0.187,0.305,0.299,0.604,4,CF,W
2021,July,LAD,Away,ARI,CG,4,0,0,0,1,1,0.182,0.303,0.291,0.594,4,CF,L
2021,July,LAD,Away,ARI,GS,5,0,1,2,0,0,0.183,0.299,0.313,0.612,6,CF,W
2021,July,LAD,Away,ARI,CG,4,0,0,0,0,2,0.176,0.291,0.303,0.593,4,CF,W
2021,July,LAD,Home,COL,CG,5,1,0,2,1,2,0.179,0.295,0.301,0.595,5,CF,W
2021,July,LAD,Home,COL,CG,4,0,0,0,0,1,0.173,0.287,0.291,0.578,6,CFRF,W
2021,July,LAD,Home,COL,CG,5,0,0,0,1,1,0.168,0.284,0.282,0.566,1,CF,L
2021,July,LAD,Away,SFG,CG,4,0,0,0,1,0,0.164,0.283,0.276,0.559,5,CF,L
2021,July,LAD,Away,SFG,CG,4,0,0,0,1,1,0.161,0.282,0.27,0.552,6,CF,W
2021,July,LAD,Away,SFG,CG,4,0,0,0,0,1,0.156,0.275,0.262,0.538,5,CF,L
2021,July,LAD,Away,SFG,CG,4,0,0,0,0,1,0.152,0.269,0.255,0.524,6,CF,L
2021,July,LAD,Away,COL,GS,3,2,0,1,0,0,0.162,0.276,0.284,0.56,5,CF,L
2021,July,LAD,Away,COL,OTHERS,1,0,0,0,0,0,0.161,0.274,0.282,0.556,9,PH,W
2021,July,LAD,Home,SFG,CG,4,1,0,0,0,2,0.163,0.274,0.281,0.555,5,1B,L
2021,July,LAD,Home,SFG,CG,5,0,1,1,0,2,0.165,0.272,0.297,0.569,5,1B,W
2021,July,LAD,Home,SFG,CG,4,0,0,0,0,2,0.16,0.266,0.29,0.556,4,CF,L
2021,July,LAD,Home,ARI,CG,5,0,0,0,0,1,0.156,0.259,0.281,0.541,7,CF,L
2021,July,LAD,Home,ARI,CG,5,2,0,0,0,1,0.163,0.263,0.285,0.548,6,CF,W
2021,August,LAD,Away,HOU,CG,4,1,0,0,0,1,0.165,0.262,0.284,0.546,7,RF,L
2021,August,LAD,Away,HOU,CG,4,1,0,0,0,0,0.168,0.267,0.291,0.557,8,RF,W
2021,August,LAD,Away,LAA,GF,2,1,0,0,0,0,0.171,0.269,0.293,0.562,1,RF,L
2021,August,LAD,Away,LAA,CG,4,0,1,1,0,0,0.173,0.269,0.308,0.577,8,CF,W
2021,August,LAD,Away,LAA,CG,4,0,1,2,0,1,0.175,0.269,0.323,0.591,8,RF,W
2021,August,LAD,Home,PHI,CG,4,1,0,0,1,2,0.177,0.273,0.328,0.601,7,CF,W
2021,August,LAD,Home,PHI,CG,5,0,2,4,0,3,0.183,0.276,0.36,0.636,6,CF,W
2021,August,LAD,Home,PHI,CG,4,0,0,0,1,2,0.18,0.275,0.355,0.63,7,CFRF,L
2021,August,LAD,Home,NYM,CG,4,1,0,0,0,2,0.181,0.275,0.353,0.628,7,CF,W
2021,August,LAD,Home,NYM,CG,4,1,0,1,0,1,0.183,0.274,0.356,0.63,7,CF,W
2021,August,LAD,Home,NYM,CG,5,1,0,0,0,2,0.183,0.273,0.357,0.63,7,CF,W
2021,August,LAD,Away,PIT,GF,2,0,0,0,0,0,0.181,0.27,0.353,0.624,9,PH1BCF,W
2021,August,LAD,Away,PIT,CG,4,1,0,0,0,2,0.183,0.27,0.356,0.626,4,CF,W
2021,August,LAD,Away,PIT,CG,4,0,0,0,0,1,0.179,0.266,0.35,0.616,6,CF,W
2021,August,LAD,Away,NYM,CG,3,0,0,0,0,0,0.177,0.263,0.345,0.608,8,CF,W
2021,August,LAD,Away,NYM,CG,3,0,0,0,0,1,0.175,0.26,0.341,0.6,6,CF,W
2021,August,LAD,Away,NYM,CG,3,0,0,0,0,0,0.172,0.257,0.336,0.593,8,CF,W
2021,August,LAD,Away,NYM,CG,3,1,0,2,0,1,0.174,0.258,0.336,0.594,8,CF,L
2021,August,LAD,Home,SDP,CG,4,0,0,0,0,1,0.172,0.254,0.331,0.584,8,CF,W
2021,August,LAD,Home,SDP,CG,7,2,0,0,0,2,0.175,0.255,0.329,0.584,8,CF,W
2021,August,LAD,Home,SDP,CG,4,0,0,1,0,0,0.173,0.251,0.325,0.576,6,CF,W
2021,August,LAD,Away,COL,GF,1,0,0,0,0,1,0.172,0.25,0.324,0.574,9,CF,L
2021,August,LAD,Away,COL,CG,4,0,0,0,0,1,0.169,0.246,0.319,0.565,6,CF,W
2021,August,LAD,Away,COL,GS,3,1,0,0,0,1,0.171,0.247,0.319,0.566,6,CF,L
2021,August,LAD,Away,ATL,GF,0,0,0,0,0,0,0.171,0.247,0.319,0.566,9,CF,W
2021,August,LAD,Away,ATL,CG,4,1,0,0,0,1,0.172,0.247,0.318,0.565,8,CF,W
2021,September,LAD,Away,ATL,OTHERS,1,0,0,0,0,0,0.172,0.247,0.317,0.563,9,PH,W
2021,September,LAD,Home,SFG,GS,3,0,0,0,0,2,0.17,0.244,0.313,0.557,8,1BCF,L
2021,September,LAD,Home,SFG,GF,3,0,0,0,1,1,0.169,0.245,0.311,0.556,6,CF,W
2021,September,LAD,Home,SFG,GS,3,0,0,0,0,1,0.167,0.243,0.307,0.55,8,CF,L
2021,September,LAD,Home,STL,CG,3,0,0,0,0,0,0.165,0.24,0.304,0.544,7,CF,W
2021,September,LAD,Home,STL,CG,4,0,0,1,0,0,0.162,0.237,0.3,0.537,8,CF,W
2021,September,LAD,Home,STL,CG,3,0,0,0,0,0,0.161,0.235,0.296,0.531,8,CF,L
2021,September,LAD,Home,STL,CG,4,0,0,0,0,2,0.158,0.232,0.292,0.524,5,CF,L
2021,September,LAD,Away,SDP,GF,0,0,0,0,0,0,0.158,0.232,0.292,0.524,7,CF,W
2021,September,LAD,Away,SDP,CG,3,0,0,0,1,0,0.157,0.233,0.29,0.523,7,CF,W
2021,September,LAD,Away,SDP,GF,3,1,0,0,1,0,0.16,0.237,0.295,0.532,7,PHCF,W
2021,September,LAD,Away,ARI,CG,4,1,0,0,0,0,0.161,0.237,0.298,0.535,6,CF,W
2021,September,LAD,Away,ARI,CG,4,0,0,0,1,0,0.159,0.237,0.295,0.532,7,CF,W
2021,September,LAD,Away,ARI,CG,4,1,0,1,1,0,0.161,0.24,0.295,0.536,7,CF,W
2021,September,LAD,Home,CIN,CG,4,0,0,0,0,2,0.159,0.237,0.291,0.529,7,CF,L
2021,September,LAD,Away,SDP,GF,1,0,0,0,0,0,0.158,0.237,0.29,0.527,9,PHCF,W
2021,September,LAD,Away,SDP,GF,2,0,1,1,0,1,0.161,0.238,0.302,0.54,8,CF,W
2021,September,LAD,Away,SDP,CG,4,1,0,1,0,2,0.162,0.238,0.301,0.539,8,CF,W
2021,October,LAD,Away,MIL,GF,1,1,0,0,0,0,0.165,0.241,0.303,0.544,9,CF,W
2021,October,LAD,Away,MIL,CG,3,0,0,0,0,3,0.163,0.239,0.3,0.539,8,CF,W
2021,October,LAD,Away,MIL,GF,2,1,0,0,0,0,0.165,0.24,0.302,0.542,3,CF,W
2022,April,LAD,Home,COL,CG,4,0,0,0,0,0,0,0,0,0,8,CF,W
2022,April,LAD,Home,COL,CG,4,0,0,0,0,2,0,0,0,0,7,CF,L
2022,April,LAD,Home,COL,CG,4,2,0,0,1,1,0.182,0.25,0.182,0.432,7,CF,L
2022,April,LAD,Home,MIN,CG,5,0,0,0,2,3,0.143,0.294,0.143,0.437,7,CF,W
2022,April,LAD,Home,MIN,CG,5,1,1,1,1,1,0.222,0.364,0.444,0.808,7,CF,W
2022,April,LAD,Away,CIN,CG,4,2,0,0,1,1,0.286,0.423,0.476,0.899,8,CF,W
2022,April,LAD,Away,CIN,CG,4,0,0,0,0,2,0.24,0.367,0.4,0.767,7,CF,W
2022,April,LAD,Away,CIN,CG,3,2,0,0,0,0,0.286,0.394,0.429,0.823,7,CF,W
2022,April,LAD,Away,CIN,CG,4,0,0,0,0,2,0.25,0.351,0.375,0.726,7,CF,W
2022,April,LAD,Away,ATL,CG,4,1,1,2,0,0,0.278,0.366,0.5,0.866,7,CF,W
2022,April,LAD,Away,ATL,CG,3,0,0,0,0,2,0.256,0.341,0.462,0.802,8,CF,L
2022,April,LAD,Away,ATL,CG,4,2,0,1,0,1,0.279,0.354,0.535,0.889,7,CF,W
2022,April,LAD,Home,SDP,CG,4,0,0,0,0,1,0.255,0.327,0.489,0.816,7,CF,W
2022,April,LAD,Home,SDP,CG,4,1,0,0,0,2,0.255,0.321,0.471,0.792,7,CF,L
2022,April,LAD,Home,SDP,CG,4,0,2,4,0,2,0.273,0.333,0.582,0.915,7,CF,W
2022,April,LAD,Home,ARI,CG,4,0,0,0,0,1,0.254,0.313,0.542,0.855,7,CF,W
2022,April,LAD,Home,ARI,CG,4,0,0,0,0,1,0.238,0.294,0.508,0.802,7,CF,L
2022,April,LAD,Home,ARI,CG,4,0,0,0,0,1,0.227,0.292,0.485,0.777,5,CF,L
2022,April,LAD,Away,DET,CG,4,0,0,0,0,2,0.214,0.276,0.457,0.733,7,CF,W
2022,April,LAD,Away,DET,CG,4,0,0,0,1,1,0.205,0.275,0.438,0.713,6,CF,L
2022,May,LAD,Away,DET,CG,4,1,0,1,0,2,0.208,0.274,0.442,0.715,7,CF,W
2022,May,LAD,Away,SFG,CG,3,0,0,0,1,0,0.203,0.276,0.43,0.706,7,CF,W
2022,May,LAD,Away,SFG,CG,4,1,0,0,0,1,0.205,0.275,0.434,0.708,7,CF,W
2022,May,LAD,Home,CHC,CG,4,1,0,0,0,0,0.207,0.274,0.437,0.71,7,CF,W
2022,May,LAD,Home,CHC,CG,4,0,0,0,1,1,0.2,0.273,0.422,0.695,7,CF,W
2022,May,LAD,Home,CHC,CG,4,3,0,1,0,1,0.223,0.291,0.436,0.727,7,CF,W
2022,May,LAD,Home,PIT,CG,4,0,0,0,0,4,0.214,0.28,0.418,0.699,6,CF,L
2022,May,LAD,Home,PIT,CG,5,1,0,1,0,2,0.214,0.277,0.417,0.694,6,CF,W
2022,May,LAD,Home,PIT,CG,4,0,0,0,0,1,0.206,0.267,0.402,0.669,6,CF,L
2022,May,LAD,Away,PHI,CG,5,0,1,1,0,1,0.205,0.264,0.42,0.684,7,CF,L
2022,May,LAD,Away,PHI,CG,5,0,0,0,1,2,0.198,0.262,0.405,0.667,6,CF,L
2022,May,LAD,Away,PHI,CG,4,1,0,2,0,1,0.2,0.262,0.408,0.67,7,CF,L
2022,May,LAD,Away,PHI,CG,4,1,0,0,0,2,0.202,0.261,0.419,0.681,7,CF,W
2022,May,LAD,Away,ARI,CG,4,0,0,0,1,2,0.197,0.261,0.409,0.67,7,CF,W
2022,May,LAD,Away,ARI,CG,4,0,0,0,2,0,0.194,0.268,0.403,0.671,7,CF,W
2022,May,LAD,Away,ARI,CG,3,2,0,0,0,0,0.205,0.276,0.417,0.693,7,CF,W
2022,May,LAD,Home,PHI,CG,4,1,0,0,1,1,0.207,0.282,0.415,0.697,7,CF,W
2022,May,LAD,Home,PHI,CG,5,2,0,0,0,1,0.214,0.286,0.414,0.7,7,CF,W
2022,May,LAD,Home,PHI,CG,4,1,0,0,0,2,0.215,0.285,0.41,0.695,7,CF,L
2022,May,LAD,Home,WSN,CG,5,1,0,1,1,2,0.216,0.288,0.412,0.701,7,CF,W
2022,May,LAD,Home,WSN,GF,2,0,0,0,0,0,0.213,0.285,0.407,0.692,8,PHCF,L
2022,May,LAD,Home,ARI,CG,6,3,0,3,0,0,0.224,0.292,0.417,0.709,7,CF,W
2022,May,LAD,Home,ARI,CG,4,1,0,0,0,0,0.225,0.291,0.413,0.704,7,CF,W
2022,May,LAD,Home,ARI,CG,4,0,0,0,1,2,0.221,0.291,0.405,0.695,7,CF,W
2022,June,LAD,Away,PIT,GF,2,0,0,0,0,1,0.218,0.287,0.4,0.687,8,CF,L
2022,June,LAD,Away,NYM,CG,4,0,0,0,0,1,0.213,0.281,0.391,0.672,7,CF,W
2022,June,LAD,Away,NYM,CG,4,0,1,2,1,0,0.215,0.286,0.407,0.693,6,CF,W
2022,June,LAD,Away,NYM,CG,4,0,0,1,0,0,0.21,0.28,0.398,0.678,7,CF,L
2022,June,LAD,Away,NYM,CG,4,1,0,0,0,1,0.211,0.279,0.4,0.679,6,CF,L
2022,June,LAD,Home,CHW,CG,4,0,0,0,1,2,0.208,0.279,0.393,0.672,6,CF,L
2022,June,LAD,Home,CHW,CG,4,0,1,1,1,0,0.21,0.283,0.409,0.692,6,CF,W
2022,June,LAD,Home,CHW,CG,5,1,0,0,1,3,0.211,0.286,0.405,0.691,7,CF,W
2022,June,LAD,Home,SFG,CG,4,0,0,0,0,2,0.206,0.28,0.397,0.677,7,CF,L
2022,June,LAD,Home,SFG,CG,5,2,0,1,0,0,0.211,0.283,0.402,0.685,7,CF,L
2022,June,LAD,Home,SFG,CG,4,0,0,0,0,2,0.207,0.278,0.394,0.672,7,CF,L
2022,June,LAD,Away,LAA,CG,3,0,0,0,0,2,0.204,0.274,0.388,0.663,7,CF,W
2022,June,LAD,Away,LAA,CG,3,1,0,0,0,2,0.206,0.275,0.388,0.663,7,CF,W
2022,June,LAD,Away,CLE,CG,4,1,1,1,0,0,0.211,0.279,0.404,0.683,6,CF,L
2022,June,LAD,Away,CLE,CG,5,2,0,0,0,1,0.216,0.282,0.404,0.685,6,CF,W
2022,June,LAD,Away,CLE,CG,4,0,0,0,0,2,0.212,0.277,0.396,0.673,6,CF,L
2022,June,LAD,Home,CIN,CG,5,0,0,0,0,1,0.207,0.271,0.388,0.659,6,CF,W
2022,June,LAD,Home,CIN,CG,5,0,0,0,1,1,0.203,0.27,0.381,0.651,7,CF,W
2022,June,LAD,Home,CIN,CG,5,2,1,3,0,0,0.213,0.276,0.4,0.676,8,CF,W
2022,June,LAD,Home,ATL,CG,4,0,0,0,0,2,0.209,0.272,0.393,0.665,8,CF,W
2022,June,LAD,Home,ATL,CG,4,2,0,1,0,2,0.214,0.275,0.395,0.671,8,CF,L
2022,June,LAD,Home,ATL,CG,5,1,0,0,0,2,0.214,0.274,0.391,0.665,6,CF,W
2022,June,LAD,Home,COL,CG,3,0,0,0,0,1,0.211,0.271,0.386,0.658,6,CF,L
2022,June,LAD,Home,COL,CG,5,0,1,1,1,1,0.212,0.273,0.396,0.669,6,CF,W
2022,June,LAD,Away,SDP,CG,3,0,0,0,0,1,0.209,0.27,0.391,0.662,6,CF,W
2022,July,LAD,Away,SDP,CG,4,0,1,2,0,1,0.211,0.27,0.402,0.672,8,CF,W
2022,July,LAD,Away,SDP,CG,4,0,0,0,0,1,0.208,0.266,0.396,0.663,6,CF,W
2022,July,LAD,Away,SDP,GF,1,0,0,0,0,1,0.207,0.266,0.395,0.66,7,PHCF,L
2022,July,LAD,Away,COL,CG,4,1,0,0,1,0,0.208,0.269,0.398,0.666,8,CF,W
2022,July,LAD,Away,COL,CG,4,0,0,0,0,3,0.205,0.265,0.392,0.657,8,CF,W
2022,July,LAD,Away,COL,CG,4,3,0,0,0,0,0.213,0.272,0.397,0.669,7,CF,W
2022,July,LAD,Away,CHC,CG,3,0,0,0,0,2,0.211,0.269,0.393,0.662,7,CF,W
2022,July,LAD,Away,CHC,CG,4,0,0,0,0,2,0.208,0.265,0.387,0.653,8,CF,W
2022,July,LAD,Away,CHC,CG,4,1,0,0,0,1,0.208,0.265,0.385,0.651,8,CF,W
2022,July,LAD,Away,CHC,GF,2,1,0,0,1,0,0.211,0.27,0.388,0.657,7,PHCF,W
2022,July,LAD,Home,STL,CG,4,0,0,0,1,1,0.209,0.27,0.384,0.653,8,CF,L
2022,July,LAD,Home,STL,CG,5,2,0,0,0,1,0.212,0.272,0.384,0.655,6,CF,W
2022,July,LAD,Home,STL,CG,4,0,0,0,0,0,0.21,0.271,0.38,0.651,8,CF,W
2022,July,LAD,Home,LAA,GF,1,0,0,0,0,0,0.209,0.271,0.379,0.649,9,CF,W
2022,July,LAD,Home,LAA,CG,4,1,0,0,0,1,0.21,0.27,0.377,0.647,8,CF,W
2022,July,LAD,Away,SFG,CG,4,0,0,0,1,0,0.208,0.27,0.373,0.643,9,CF,W
2022,July,LAD,Away,SFG,CG,4,0,1,4,0,0,0.208,0.27,0.381,0.651,8,CF,W
2022,July,LAD,Away,SFG,CG,4,1,0,0,0,2,0.209,0.27,0.38,0.649,8,CF,W
2022,July,LAD,Away,SFG,CG,4,0,0,0,1,0,0.207,0.269,0.376,0.646,8,CF,W
2022,July,LAD,Away,WSN,CG,4,0,0,0,0,1,0.204,0.266,0.372,0.638,8,CF,L
2022,July,LAD,Away,WSN,CG,4,0,1,1,0,1,0.205,0.266,0.379,0.645,8,CF,L
2022,July,LAD,Home,COL,CG,5,1,0,2,1,2,0.205,0.268,0.381,0.649,8,CF,W
2022,July,LAD,Home,COL,CG,5,1,0,0,0,2,0.205,0.267,0.381,0.648,8,CF,W
2022,July,LAD,Home,COL,CG,3,0,0,0,0,0,0.204,0.265,0.378,0.642,9,CF,L
2022,July,LAD,Home,COL,CG,4,2,0,1,0,0,0.207,0.267,0.382,0.649,8,CF,W
2022,August,LAD,Home,SFG,CG,4,0,0,0,0,0,0.205,0.265,0.378,0.642,8,CF,W
2022,August,LAD,Home,SFG,CG,4,1,0,2,0,1,0.206,0.264,0.383,0.647,9,CF,W
2022,August,LAD,Home,SFG,CG,4,0,0,0,0,2,0.203,0.262,0.379,0.64,8,CF,W
2022,August,LAD,Away,SDP,CG,4,1,0,2,0,1,0.204,0.262,0.38,0.641,9,CF,W
2022,August,LAD,Away,SDP,CG,4,1,0,1,1,0,0.205,0.264,0.382,0.646,8,CF,W
2022,August,LAD,Away,SDP,CG,3,1,2,2,0,0,0.212,0.27,0.404,0.673,9,CF,W
2022,August,LAD,Away,MIN,CG,4,1,0,2,0,0,0.212,0.269,0.405,0.674,9,CF,W
2022,August,LAD,Away,MIN,CG,4,0,0,1,0,1,0.21,0.267,0.402,0.668,9,CF,W
2022,August,LAD,Home,KCR,CG,5,0,1,1,0,1,0.21,0.266,0.407,0.673,9,CF,W
2022,August,LAD,Home,KCR,CG,3,0,0,0,0,2,0.208,0.264,0.404,0.668,8,CF,L
2022,August,LAD,Home,MIL,CG,4,0,0,0,0,2,0.206,0.261,0.399,0.661,9,CF,W
2022,August,LAD,Home,MIL,CG,4,0,0,0,0,3,0.204,0.259,0.395,0.654,9,CF,L
2022,August,LAD,Away,MIA,CG,4,1,0,0,1,0,0.205,0.261,0.397,0.659,8,CF,W
2022,August,LAD,Away,MIA,CG,4,0,1,2,0,1,0.206,0.261,0.404,0.665,9,CF,W
2022,August,LAD,Away,MIL,CG,4,1,0,0,0,0,0.206,0.261,0.402,0.663,9,CF,L
2022,August,LAD,Away,MIL,CG,4,0,0,0,1,0,0.204,0.261,0.399,0.66,8,CF,W
2022,August,LAD,Away,MIL,GS,3,2,0,2,1,0,0.208,0.266,0.404,0.67,8,CF,W
2022,August,LAD,Home,MIA,CG,5,1,0,0,0,1,0.208,0.265,0.402,0.667,8,CF,W
2022,August,LAD,Home,MIA,CG,3,0,0,0,0,0,0.207,0.263,0.399,0.662,9,CF,L
2022,August,LAD,Home,MIA,CG,4,1,0,0,1,1,0.208,0.265,0.399,0.664,8,CF,W
2022,August,LAD,Home,NYM,CG,4,0,0,0,0,0,0.206,0.263,0.395,0.658,8,CF,W
2022,August,LAD,Home,NYM,CG,3,0,0,0,0,2,0.204,0.261,0.392,0.653,9,CF,L
2022,September,LAD,Away,SDP,CG,4,0,0,0,0,3,0.202,0.259,0.388,0.647,8,CF,L
2022,September,LAD,Away,SDP,GF,0,0,0,0,0,0,0.202,0.259,0.388,0.647,4,CF,W
2022,September,LAD,Away,SDP,CG,4,0,0,1,3,1,0.202,0.263,0.387,0.651,9,CF,W
2022,September,LAD,Away,SFG,CG,4,0,0,0,0,1,0.2,0.261,0.384,0.645,8,CF,L
2022,September,LAD,Away,SFG,CG,3,0,0,0,1,1,0.199,0.262,0.382,0.644,9,CF,W
2022,September,LAD,Home,SDP,CG,4,0,0,0,0,2,0.197,0.259,0.378,0.638,9,CF,L
2022,September,LAD,Home,SDP,CG,4,2,0,0,0,2,0.2,0.261,0.38,0.641,9,CF,W
2022,September,LAD,Home,ARI,CG,4,2,0,2,0,1,0.203,0.263,0.383,0.646,9,CF,W
2022,September,LAD,Home,ARI,CG,4,0,0,0,0,2,0.201,0.261,0.379,0.641,9,CF,W
2022,September,LAD,Home,ARI,CG,4,0,0,0,1,0,0.2,0.261,0.377,0.638,7,CF,L
2022,September,LAD,Home,SFG,CG,4,1,0,1,1,1,0.2,0.263,0.377,0.64,9,CF,W
2022,September,LAD,Home,SFG,CG,4,0,0,0,0,1,0.199,0.261,0.373,0.634,8,CF,W
2022,September,LAD,Away,ARI,CG,3,1,0,0,0,0,0.2,0.261,0.375,0.637,9,CF,W
2022,September,LAD,Away,ARI,GF,0,0,0,0,0,0,0.2,0.261,0.375,0.637,4,CF,W
2022,September,LAD,Away,ARI,CG,3,1,0,0,0,0,0.2,0.262,0.375,0.637,9,CF,L
2022,September,LAD,Away,ARI,CG,3,1,0,0,0,2,0.201,0.262,0.377,0.639,9,CF,W
2022,September,LAD,Away,STL,GF,1,0,0,0,0,0,0.201,0.262,0.376,0.638,4,CF,L
2022,September,LAD,Away,STL,CG,3,2,0,1,0,0,0.204,0.264,0.38,0.644,9,CF,W
2022,September,LAD,Away,STL,CG,3,1,0,1,0,1,0.205,0.264,0.382,0.646,9,CF,W
2022,September,LAD,Home,SDP,GF,2,0,0,0,0,1,0.204,0.263,0.38,0.644,8,PHCF,L
2022,September,LAD,Home,SDP,CG,4,0,0,0,0,2,0.202,0.261,0.377,0.639,9,CF,W
2022,September,LAD,Home,SDP,CG,4,0,0,0,0,0,0.2,0.259,0.374,0.633,9,CF,W
2022,September,LAD,Away,COL,CG,4,1,1,3,0,0,0.203,0.261,0.381,0.642,9,CF,W
2022,October,LAD,Away,COL,CG,5,3,0,2,0,0,0.207,0.264,0.384,0.649,7,CF,W
2022,October,LAD,Away,COL,CG,3,1,0,1,0,1,0.209,0.265,0.385,0.649,9,CF,L
2022,October,LAD,Away,COL,CG,3,0,0,0,0,1,0.207,0.263,0.382,0.646,7,CF,L
2022,October,LAD,Away,COL,CG,3,1,0,1,0,2,0.208,0.264,0.382,0.646,8,CF,L
2022,October,LAD,Away,COL,CG,4,1,1,1,0,1,0.21,0.265,0.389,0.654,8,CF,W
2023,March,CHC,Away,MIL,CG,4,0,0,0,1,1,0,0.25,0,0.25,4,CF,W
2023,April,CHC,Away,MIL,CG,4,0,0,0,0,2,0,0.125,0,0.125,4,CF,L
2023,April,CHC,Away,MIL,CG,4,0,0,1,0,1,0,0.083,0,0.083,6,CF,L
2023,April,CHC,Home,CIN,CG,5,0,1,3,1,0,0.067,0.176,0.267,0.443,4,CF,L
2023,April,CHC,Home,CIN,CG,6,3,0,1,1,0,0.2,0.304,0.35,0.654,4,CF,W
2023,April,CHC,Away,TEX,CG,3,1,0,1,0,1,0.217,0.308,0.348,0.656,4,CF,W
2023,April,CHC,Away,TEX,CG,4,0,0,0,0,0,0.185,0.267,0.296,0.563,7,CF,W
2023,April,CHC,Away,TEX,CG,4,0,0,0,1,0,0.167,0.265,0.267,0.531,4,CF,L
2023,April,CHC,Away,SEA,CG,4,1,0,1,0,1,0.176,0.263,0.294,0.557,4,CF,W
2023,April,CHC,Away,SEA,CG,5,2,0,0,0,0,0.205,0.279,0.308,0.587,5,CF,W
2023,April,CHC,Away,SEA,CG,4,1,1,2,0,1,0.238,0.298,0.405,0.703,4,CF,L
2023,April,CHC,Home,LAD,CG,5,1,0,0,1,0,0.239,0.308,0.413,0.721,5,CF,W
2023,April,CHC,Home,LAD,CG,4,1,0,0,1,2,0.245,0.321,0.408,0.73,5,CF,L
2023,April,CHC,Home,LAD,CG,4,0,1,1,0,0,0.245,0.317,0.453,0.769,7,CF,W
2023,April,CHC,Home,OAK,CG,5,5,0,0,0,0,0.31,0.369,0.517,0.886,7,CF,W
2023,April,CHC,Home,OAK,CG,5,1,0,1,0,1,0.302,0.357,0.492,0.849,6,CF,W
2023,April,CHC,Home,OAK,CG,5,0,0,1,1,2,0.284,0.347,0.463,0.809,4,CF,W
2023,April,CHC,Away,LAD,CG,4,0,1,1,0,0,0.29,0.367,0.507,0.874,5,CF,L
2023,April,CHC,Away,LAD,CG,5,1,1,1,1,0,0.301,0.381,0.562,0.943,6,CF,W
2023,April,CHC,Away,LAD,CG,4,0,0,0,1,1,0.289,0.375,0.539,0.914,5,CF,L
2023,April,CHC,Away,LAD,CG,4,2,0,1,0,0,0.3,0.38,0.55,0.93,3,CF,L
2023,April,CHC,Home,MIA,CG,4,1,0,0,0,1,0.298,0.375,0.56,0.935,6,CF,L
2023,April,CHC,Home,MIA,CG,5,0,1,1,1,3,0.295,0.376,0.58,0.956,5,CF,L
2023,April,CHC,Home,MIA,CG,4,0,1,2,0,0,0.297,0.371,0.604,0.976,5,CF,L
2023,May,CHC,Home,WSN,CG,5,1,0,0,1,1,0.295,0.373,0.589,0.962,3,CF,W
2023,May,CHC,Home,WSN,CG,4,2,0,0,0,0,0.303,0.377,0.596,0.973,4,CF,L
2023,May,CHC,Home,WSN,CG,4,0,0,0,0,3,0.291,0.364,0.573,0.937,4,CF,L
2023,May,CHC,Home,WSN,CG,4,2,0,0,0,1,0.299,0.369,0.57,0.939,5,CF,L
2023,May,CHC,Away,MIA,CG,4,1,0,0,0,2,0.297,0.365,0.568,0.933,5,CF,W
2023,May,CHC,Away,MIA,CG,4,1,0,0,0,1,0.296,0.362,0.565,0.927,5,CF,W
2023,May,CHC,Away,MIA,CG,6,2,0,1,1,1,0.3,0.368,0.567,0.934,4,CF,L
2023,May,CHC,Away,STL,CG,4,1,0,0,0,1,0.298,0.364,0.556,0.921,4,CF,L
2023,May,CHC,Away,STL,CG,5,0,0,0,2,0,0.291,0.366,0.543,0.909,4,CF,L
2023,May,CHC,Away,STL,CG,5,1,0,0,0,1,0.288,0.36,0.53,0.89,6,CF,W
2023,May,CHC,Home,MIN,CG,5,0,0,1,0,1,0.279,0.348,0.515,0.863,4,CF,W
2023,May,CHC,Home,MIN,CG,5,0,0,0,0,2,0.27,0.338,0.496,0.834,4,CF,L
2023,May,CHC,Home,HOU,GS,3,1,0,0,0,0,0.271,0.337,0.493,0.83,5,CF,L
2023,June,CHC,Away,PIT,CG,4,1,0,1,1,1,0.272,0.341,0.497,0.838,6,1B,W
2023,June,CHC,Away,BAL,CG,3,0,0,0,0,1,0.267,0.335,0.487,0.822,6,1B,W
2023,June,CHC,Away,BAL,CG,4,0,0,0,0,2,0.26,0.328,0.474,0.802,6,1B,L
2023,June,CHC,Home,PIT,CG,5,1,0,0,0,2,0.258,0.324,0.465,0.789,6,1B,W
2023,June,CHC,Home,PIT,CG,4,0,0,1,1,0,0.255,0.322,0.46,0.782,6,1B,W
2023,June,CHC,Home,PIT,GF,2,0,0,0,0,1,0.252,0.319,0.454,0.773,4,PH1B,W
2023,June,CHC,Home,STL,GS,3,1,0,0,0,0,0.253,0.319,0.452,0.771,6,1B,W
2023,June,CHC,Home,STL,GF,3,1,0,0,0,0,0.254,0.319,0.45,0.769,6,PH1B,L
2023,June,CHC,Away,PHI,CG,4,2,0,0,0,1,0.26,0.323,0.457,0.78,7,1B,L
2023,June,CHC,Away,PHI,CG,4,1,0,0,0,1,0.26,0.322,0.452,0.774,6,1B,L
2023,June,CHC,Away,PHI,CG,4,1,0,0,1,1,0.261,0.325,0.45,0.775,6,CF,L
2023,June,CHC,Away,CLE,CG,4,2,0,0,0,0,0.266,0.329,0.451,0.78,6,CF,W
2023,July,CHC,Away,CLE,CG,4,3,0,0,0,0,0.277,0.336,0.463,0.799,5,CF,L
2023,July,CHC,Away,CLE,CG,5,1,0,1,0,0,0.276,0.333,0.458,0.792,4,CF,L
2023,July,CHC,Home,MIL,GS,4,1,0,1,0,1,0.276,0.332,0.454,0.786,6,CF,L
2023,July,CHC,Home,MIL,CG,5,2,0,1,1,0,0.28,0.338,0.455,0.793,7,CF,W
2023,July,CHC,Home,MIL,CG,4,2,0,0,0,0,0.284,0.341,0.456,0.796,6,CF,W
2023,July,CHC,Home,MIL,CG,4,3,1,3,0,0,0.298,0.352,0.486,0.838,6,CF,L
2023,July,CHC,Home,NYY,CG,4,1,1,1,1,0,0.303,0.359,0.502,0.861,7,CF,W
2023,July,CHC,Home,NYY,CG,4,0,0,0,0,0,0.298,0.353,0.493,0.846,5,CF,L
2023,July,CHC,Home,NYY,CG,4,1,0,0,1,1,0.298,0.355,0.491,0.846,5,CF,W
2023,July,CHC,Away,BOS,CG,4,0,2,2,0,1,0.302,0.357,0.518,0.875,5,CF,L
2023,July,CHC,Away,BOS,CG,5,1,1,4,1,1,0.305,0.362,0.531,0.893,4,CF,W
2023,July,CHC,Away,BOS,GS,3,0,0,0,0,0,0.301,0.358,0.524,0.882,5,1B,L
2023,July,CHC,Away,WSN,CG,4,2,0,0,0,1,0.305,0.36,0.524,0.884,4,1BCF,L
2023,July,CHC,Away,WSN,CG,5,2,0,0,1,1,0.308,0.365,0.523,0.888,4,1BCF,W
2023,July,CHC,Away,WSN,CG,4,2,0,0,0,0,0.311,0.367,0.527,0.894,4,1B,W
2023,July,CHC,Away,STL,CG,4,1,0,0,0,0,0.31,0.365,0.522,0.887,4,CF,L
2023,July,CHC,Away,STL,CG,4,2,1,2,0,0,0.317,0.371,0.542,0.913,4,1B,W
2023,July,CHC,Away,STL,CG,5,2,0,4,0,0,0.319,0.371,0.539,0.91,4,1B,W
2023,July,CHC,Away,STL,CG,4,0,1,3,0,1,0.319,0.369,0.549,0.918,4,CF,W
2023,July,CHC,Home,CHW,CG,5,0,0,1,0,2,0.314,0.363,0.54,0.903,4,1B,W
2023,July,CHC,Home,CHW,CG,5,0,1,1,0,0,0.312,0.36,0.545,0.905,4,1B,W
2023,July,CHC,Home,STL,GS,5,3,0,0,0,0,0.317,0.364,0.546,0.91,4,1B,W
2023,July,CHC,Home,STL,CG,4,1,0,0,1,0,0.319,0.369,0.546,0.915,4,1BCF,W
2023,July,CHC,Home,STL,CG,4,0,0,0,1,0,0.315,0.368,0.54,0.908,4,1B,W
2023,July,CHC,Home,STL,CG,4,1,0,0,0,0,0.314,0.366,0.536,0.902,3,1BCF,L
2023,July,CHC,Away,CIN,CG,4,1,0,0,0,1,0.313,0.365,0.535,0.9,4,1BCF,L
2023,August,CHC,Away,CIN,CG,6,2,1,3,0,0,0.317,0.367,0.545,0.912,4,CF,W
2023,August,CHC,Away,CIN,CG,5,1,0,1,1,0,0.316,0.368,0.541,0.909,3,1BCF,W
2023,August,CHC,Away,CIN,CG,4,1,0,1,0,1,0.315,0.366,0.537,0.903,4,CF,W
2023,August,CHC,Away,ATL,GS,3,2,0,0,0,0,0.319,0.369,0.538,0.907,4,CF,L
2023,August,CHC,Away,ATL,CG,4,2,0,1,1,0,0.322,0.374,0.543,0.916,4,CF,W
2023,August,CHC,Away,ATL,CG,4,2,0,1,1,0,0.326,0.378,0.547,0.925,4,CF,W
2023,August,CHC,Home,NYM,GS,3,3,0,2,0,0,0.332,0.383,0.552,0.935,4,CF,L
2023,August,CHC,Home,NYM,CG,4,0,1,1,0,2,0.331,0.382,0.557,0.939,4,CF,W
2023,August,CHC,Home,NYM,CG,4,0,0,0,0,2,0.327,0.377,0.55,0.928,4,1BCF,L
2023,August,CHC,Home,TOR,CG,4,1,1,2,0,0,0.329,0.379,0.559,0.938,4,1B,W
2023,August,CHC,Home,TOR,CG,4,2,0,1,0,0,0.331,0.38,0.561,0.942,4,1B,W
2023,August,CHC,Home,TOR,CG,4,0,0,0,1,0,0.328,0.379,0.556,0.935,4,CF,L
2023,August,CHC,Away,CHW,CG,4,0,0,0,1,1,0.325,0.377,0.551,0.929,4,1B,L
2023,August,CHC,Away,CHW,CG,4,2,0,0,0,1,0.327,0.379,0.554,0.932,4,1BCF,W
2023,August,CHC,Away,KCR,CG,5,0,0,0,0,1,0.323,0.374,0.545,0.919,4,CF,L
2023,August,CHC,Away,KCR,CG,4,0,2,4,0,0,0.326,0.375,0.564,0.939,4,1B,W
2023,August,CHC,Away,KCR,CG,3,0,0,1,0,0,0.324,0.372,0.561,0.933,4,1B,W
2023,August,CHC,Home,DET,CG,5,1,0,1,0,1,0.322,0.37,0.556,0.925,4,CF,W
2023,August,CHC,Home,DET,CG,4,1,0,0,0,2,0.321,0.369,0.555,0.924,4,1BCF,L
2023,August,CHC,Home,DET,CG,4,1,0,2,0,0,0.32,0.368,0.552,0.919,4,CF,W
2023,August,CHC,Home,PIT,CG,5,1,0,1,1,0,0.32,0.368,0.548,0.916,4,CF,W
2023,August,CHC,Home,PIT,CG,4,0,0,0,0,0,0.316,0.364,0.542,0.907,4,1B,L
2023,August,CHC,Home,PIT,CG,5,2,0,2,0,0,0.317,0.365,0.54,0.905,4,1B,W
2023,August,CHC,Home,PIT,CG,5,3,0,5,0,1,0.321,0.368,0.546,0.914,4,DH,W
2023,August,CHC,Away,MIL,CG,4,1,0,0,0,1,0.32,0.366,0.543,0.91,4,CF,L
2023,August,CHC,Away,MIL,CG,4,0,0,1,0,0,0.317,0.363,0.538,0.901,4,1B,W
2023,August,CHC,Away,MIL,CG,4,1,0,1,0,2,0.316,0.362,0.535,0.897,4,1B,W
2023,September,CHC,Home,CIN,CG,5,1,1,3,0,0,0.317,0.362,0.541,0.903,4,1B,W
2023,September,CHC,Home,CIN,CG,4,1,1,1,1,1,0.32,0.366,0.549,0.915,4,1B,L
2023,September,CHC,Home,CIN,CG,4,1,0,0,0,2,0.319,0.365,0.546,0.911,4,1BCF,L
2023,September,CHC,Home,CIN,CG,6,1,1,3,0,2,0.32,0.364,0.552,0.916,4,DH,W
2023,September,CHC,Away,SFG,CG,4,1,0,0,0,0,0.32,0.363,0.549,0.912,4,DH,W
2023,September,CHC,Away,SFG,CG,5,1,0,0,1,1,0.319,0.364,0.546,0.91,4,CF,W
2023,September,CHC,Away,SFG,CG,4,1,1,2,0,2,0.321,0.365,0.555,0.92,4,1BCF,W
2023,September,CHC,Away,ARI,CG,4,1,0,0,0,0,0.32,0.364,0.552,0.916,4,1B,L
2023,September,CHC,Away,ARI,CG,3,0,0,0,0,0,0.318,0.362,0.548,0.91,4,CF,L
2023,September,CHC,Away,ARI,CG,5,2,0,2,0,1,0.319,0.362,0.547,0.909,4,1B,L
2023,September,CHC,Away,ARI,CG,4,0,1,1,0,1,0.318,0.361,0.551,0.912,4,1BCF,W
2023,September,CHC,Home,COL,CG,4,1,0,0,0,0,0.317,0.36,0.55,0.91,3,1BCF,W
2023,September,CHC,Home,COL,CG,4,1,0,0,0,1,0.317,0.359,0.548,0.907,4,1B,L
2023,September,CHC,Home,COL,CG,5,1,0,1,0,2,0.316,0.358,0.545,0.903,3,1B,L
2023,September,CHC,Home,ARI,CG,4,0,0,0,2,0,0.315,0.359,0.542,0.901,4,1B,L
2023,September,CHC,Home,ARI,CG,6,1,0,1,0,1,0.313,0.359,0.539,0.897,4,1B,L
2023,September,CHC,Home,ARI,CG,4,0,0,0,0,1,0.311,0.356,0.534,0.89,4,1B,L
2023,September,CHC,Away,PIT,GS,5,0,1,3,0,0,0.31,0.354,0.537,0.891,3,1BCF,W
2023,September,CHC,Away,PIT,CG,5,2,0,0,0,1,0.31,0.355,0.54,0.894,4,1B,L
2023,September,CHC,Away,PIT,CG,5,1,0,0,2,0,0.311,0.357,0.54,0.897,4,1B,L
2023,September,CHC,Away,COL,CG,4,0,0,0,1,1,0.309,0.358,0.538,0.896,4,1B,W
2023,September,CHC,Away,COL,CG,4,0,0,1,0,0,0.307,0.355,0.535,0.89,4,1B,W
2023,September,CHC,Away,COL,CG,4,0,0,0,1,1,0.305,0.355,0.531,0.886,4,1B,W
2023,September,CHC,Home,ATL,CG,5,3,0,1,1,0,0.309,0.359,0.533,0.892,4,1BCF,L
2023,September,CHC,Home,ATL,CG,5,2,0,0,0,1,0.31,0.359,0.532,0.891,4,1BCF,L
2023,September,CHC,Home,ATL,CG,4,1,0,0,0,1,0.31,0.358,0.53,0.888,4,1B,L
2023,September,CHC,Home,MIL,CG,4,0,0,0,0,1,0.307,0.356,0.525,0.881,4,1B,L
2023,September,CHC,Home,MIL,GS,5,1,0,1,1,0,0.307,0.356,0.525,0.881,4,CF,W
2024,March,CHC,Home,TEX,CG,5,1,0,1,1,1,0.25,0.4,0.5,0.9,3,CF,L
2024,March,CHC,Home,TEX,GS,3,0,0,0,0,0,0.143,0.25,0.286,0.536,3,CF,L
2024,March,CHC,Home,TEX,CG,6,1,0,1,3,0,0.2,0.429,0.3,0.729,3,CF,W
2024,April,CHC,Away,COL,CG,4,1,0,2,0,0,0.214,0.389,0.286,0.675,3,CF,W
2024,April,CHC,Away,COL,GS,5,1,1,2,0,1,0.263,0.391,0.474,0.865,3,CF,W
2024,April,CHC,Away,COL,CG,5,0,0,0,0,1,0.208,0.321,0.375,0.696,3,DH,W
2024,April,CHC,Away,LAD,CG,4,0,0,0,1,2,0.185,0.313,0.333,0.646,3,CF,W
2024,April,CHC,Away,LAD,CG,4,2,0,0,0,1,0.226,0.333,0.355,0.688,3,CF,L
2024,April,CHC,Away,LAD,CG,5,0,1,1,1,1,0.229,0.341,0.429,0.77,3,CF,W
2024,April,CHC,Home,SDP,CG,5,1,0,3,0,1,0.231,0.326,0.41,0.736,3,CF,L
2024,April,CHC,Home,SDP,CG,5,0,0,0,0,2,0.209,0.314,0.372,0.686,3,CF,W
2024,April,CHC,Home,SDP,CG,4,0,0,0,0,0,0.191,0.291,0.34,0.631,3,CF,L
2024,April,CHC,Home,SEA,CG,4,0,0,0,1,0,0.18,0.288,0.32,0.608,3,CF,L
2024,April,CHC,Home,SEA,CG,4,0,0,0,0,1,0.167,0.27,0.296,0.566,3,CF,W
2024,April,CHC,Home,SEA,CG,4,1,0,0,0,1,0.172,0.269,0.293,0.562,3,CF,W
2024,April,CHC,Home,ARI,CG,5,1,0,0,2,0,0.18,0.292,0.295,0.587,3,CF,W
2024,April,CHC,Home,ARI,CG,5,1,0,1,0,1,0.182,0.286,0.318,0.604,3,CF,L
2024,April,CHC,Home,ARI,CG,4,1,1,1,0,0,0.2,0.296,0.371,0.668,3,CF,W
2024,April,CHC,Away,MIA,CG,4,2,0,1,0,0,0.216,0.306,0.378,0.684,3,CF,W
2024,April,CHC,Away,MIA,CG,4,0,1,1,0,1,0.218,0.303,0.41,0.714,2,CF,W
2024,April,CHC,Away,MIA,CG,5,1,0,1,2,0,0.222,0.319,0.407,0.727,2,CF,L
2024,April,CHC,Away,HOU,GS,3,0,1,2,0,1,0.226,0.32,0.44,0.76,3,CF,W
2024,May,CHC,Away,SDP,CG,4,2,1,1,0,0,0.25,0.337,0.489,0.825,3,DH,W
2024,May,CHC,Away,SDP,CG,4,0,0,0,0,2,0.239,0.324,0.467,0.791,3,DH,L
2024,May,CHC,Home,PIT,CG,5,3,1,1,0,0,0.268,0.345,0.536,0.882,3,DH,W
2024,May,CHC,Home,PIT,CG,6,0,0,1,2,1,0.257,0.345,0.515,0.86,3,CF,L
2024,May,CHC,Home,PIT,CG,5,1,0,1,0,0,0.255,0.339,0.5,0.839,3,CFRF,W
2024,May,CHC,Home,ATL,CG,4,1,0,0,0,1,0.255,0.336,0.491,0.827,3,CF,L
2024,May,CHC,Home,ATL,CG,4,1,0,0,0,2,0.254,0.333,0.482,0.816,3,1B,L
2024,May,CHC,Home,ATL,CG,5,2,0,0,1,0,0.263,0.343,0.492,0.835,3,DH,W
2024,May,CHC,Away,PIT,CG,4,1,0,1,0,0,0.262,0.341,0.492,0.832,3,CF,L
2024,May,CHC,Away,PIT,CG,4,0,0,0,1,1,0.256,0.338,0.48,0.818,3,RF,L
2024,May,CHC,Away,PIT,CG,4,2,0,0,0,1,0.264,0.342,0.488,0.831,3,CF,W
2024,May,CHC,Away,PIT,CG,4,1,0,0,0,0,0.263,0.34,0.489,0.829,3,CF,L
2024,May,CHC,Away,ATL,CG,5,0,0,0,1,2,0.255,0.335,0.474,0.81,3,CF,W
2024,May,CHC,Away,ATL,CG,4,0,0,0,0,1,0.248,0.327,0.461,0.788,3,CF,L
2024,May,CHC,Away,ATL,CG,4,0,0,0,0,2,0.241,0.319,0.448,0.767,3,CF,L
2024,May,CHC,Home,STL,CG,5,2,0,1,0,1,0.247,0.321,0.447,0.768,3,CF,L
2024,May,CHC,Home,STL,CG,4,1,0,0,0,0,0.247,0.32,0.442,0.761,3,CF,L
2024,May,CHC,Home,MIL,CG,4,2,0,0,0,0,0.253,0.324,0.443,0.767,3,CF,L
2024,May,CHC,Home,MIL,CG,5,2,0,1,0,1,0.258,0.326,0.442,0.768,3,CF,W
2024,May,CHC,Home,MIL,CG,5,2,0,1,0,0,0.262,0.328,0.446,0.774,3,CF,L
2024,May,CHC,Home,MIL,CG,4,1,1,1,0,1,0.267,0.332,0.471,0.803,3,DH,L
2024,May,CHC,Away,CIN,CG,5,0,0,0,0,0,0.26,0.323,0.458,0.781,3,1B,L
2024,June,CHC,Away,CIN,CG,4,0,0,0,0,1,0.254,0.317,0.448,0.764,3,1B,W
2024,June,CHC,Away,CIN,CG,4,3,0,1,0,0,0.265,0.325,0.459,0.785,3,CF1B,L
2024,June,CHC,Away,CHW,CG,4,0,0,0,1,1,0.262,0.329,0.455,0.783,3,RF,W
2024,June,CHC,Away,CHW,CG,4,0,0,2,0,1,0.258,0.322,0.447,0.77,3,CF,W
2024,June,CHC,Home,CIN,CG,4,1,0,0,0,1,0.258,0.321,0.448,0.769,3,1B,L
2024,June,CHC,Home,CIN,CG,4,0,0,0,0,1,0.253,0.315,0.439,0.754,3,CF,L
2024,June,CHC,Home,CIN,CG,5,2,0,0,0,1,0.256,0.317,0.438,0.755,3,CF,L
2024,June,CHC,Home,CIN,CG,5,2,0,0,0,1,0.26,0.319,0.438,0.756,3,1B,W
2024,June,CHC,Home,TBR,CG,4,2,0,0,0,1,0.264,0.322,0.443,0.765,3,1B,L
2024,June,CHC,Home,TBR,CG,5,1,1,3,0,1,0.267,0.324,0.456,0.78,3,RF1B,W
2024,June,CHC,Home,TBR,CG,4,1,0,0,0,1,0.267,0.322,0.452,0.775,3,1BLF,L
2024,June,CHC,Away,STL,CG,4,0,0,0,0,0,0.262,0.317,0.444,0.762,3,DH,L
2024,June,CHC,Away,STL,CG,4,2,0,0,1,1,0.268,0.324,0.447,0.771,3,1B,W
2024,June,CHC,Away,STL,CG,4,0,0,0,0,0,0.263,0.319,0.44,0.759,3,CFRF,L
2024,June,CHC,Away,SFG,CG,5,0,0,0,1,0,0.258,0.317,0.432,0.749,3,CF1B,L
2024,June,CHC,Away,SFG,CG,4,2,0,1,1,0,0.264,0.323,0.435,0.758,3,RF,W
2024,June,CHC,Away,SFG,CG,4,1,0,0,0,0,0.263,0.322,0.432,0.754,3,1B,W
2024,June,CHC,Away,NYM,GS,3,2,0,0,0,1,0.268,0.326,0.439,0.765,3,CF,L
2024,June,CHC,Away,NYM,CG,4,1,0,0,2,0,0.27,0.332,0.44,0.772,3,RF,W
2024,June,CHC,Away,NYM,CG,4,1,0,0,0,2,0.27,0.331,0.437,0.767,3,RF,L
2024,June,CHC,Home,SFG,CG,5,2,0,1,0,1,0.272,0.332,0.436,0.768,3,DH,L
2024,June,CHC,Home,SFG,CG,4,1,0,0,1,1,0.273,0.334,0.435,0.769,3,RF,L
2024,June,CHC,Home,SFG,CG,4,1,0,0,0,1,0.273,0.333,0.432,0.765,3,RF,L
2024,June,CHC,Home,SFG,CG,5,1,0,0,0,1,0.271,0.331,0.428,0.759,3,RF,W
2024,June,CHC,Home,MIL,CG,4,0,0,0,0,1,0.267,0.327,0.421,0.748,3,RF1B,L
2024,June,CHC,Home,MIL,CG,5,1,0,0,1,1,0.267,0.328,0.419,0.747,3,DH,W
2024,June,CHC,Home,MIL,CG,4,1,0,0,0,2,0.267,0.327,0.416,0.743,3,DH,L
2024,July,CHC,Away,PHI,CG,4,2,0,1,0,1,0.27,0.329,0.421,0.75,3,RF,L
2024,July,CHC,Away,PHI,CG,4,2,0,1,1,0,0.274,0.334,0.427,0.761,3,RF,L
2024,July,CHC,Away,PHI,CG,5,1,0,1,1,0,0.274,0.335,0.425,0.76,3,CF,W
2024,July,CHC,Away,LAA,CG,4,1,0,0,0,1,0.274,0.334,0.422,0.757,3,CF,W
2024,July,CHC,Away,LAA,CG,4,0,0,0,0,3,0.27,0.33,0.417,0.747,3,CF,L
2024,July,CHC,Away,LAA,CG,4,0,0,0,0,0,0.266,0.326,0.411,0.738,3,CF,W
2024,July,CHC,Home,BAL,CG,6,1,0,0,1,1,0.265,0.326,0.408,0.734,3,CFRF,W
2024,July,CHC,Home,BAL,GS,4,2,0,0,0,0,0.269,0.331,0.41,0.742,3,RF,W
2024,July,CHC,Home,CIN,CG,4,1,1,2,0,0,0.272,0.333,0.421,0.754,4,DH,L
2024,July,CHC,Home,CIN,CG,5,3,0,2,0,0,0.277,0.337,0.424,0.761,4,DH,W
2024,August,CHC,Away,STL,CG,4,1,1,1,0,1,0.28,0.339,0.437,0.776,4,DH,W
2024,August,CHC,Away,STL,CG,4,1,0,0,0,0,0.28,0.338,0.435,0.773,4,DH,W
2024,August,CHC,Away,STL,CG,4,0,0,0,0,0,0.276,0.334,0.429,0.764,4,DH,L
2024,August,CHC,Away,STL,CG,4,0,0,1,0,2,0.274,0.331,0.426,0.756,4,DH,W
2024,August,CHC,Away,MIN,CG,4,1,0,0,0,2,0.274,0.33,0.424,0.753,4,DH,L
2024,August,CHC,Away,MIN,CG,4,1,0,0,0,1,0.273,0.329,0.422,0.75,4,DH,W
2024,August,CHC,Home,CHW,CG,5,2,1,2,1,0,0.279,0.335,0.434,0.769,4,DH,W
2024,August,CHC,Home,CHW,CG,5,1,0,0,2,0,0.279,0.339,0.433,0.772,4,DH,W
2024,August,CHC,Home,CLE,CG,5,0,0,0,1,0,0.276,0.337,0.428,0.765,4,DH,L
2024,August,CHC,Home,CLE,CG,4,1,0,0,0,1,0.276,0.336,0.426,0.762,4,DH,L
2024,August,CHC,Home,CLE,CG,4,1,0,1,0,0,0.276,0.335,0.425,0.76,4,DH,L
2024,August,CHC,Away,TOR,CG,4,0,1,2,0,0,0.276,0.334,0.432,0.766,4,RFCF,W
2024,August,CHC,Away,TOR,CG,4,0,0,0,1,1,0.274,0.333,0.428,0.762,4,RF,W
2024,August,CHC,Away,TOR,CG,4,1,0,0,0,0,0.273,0.333,0.426,0.759,4,RF1B,L
2024,August,CHC,Away,DET,CG,4,2,0,2,0,0,0.276,0.334,0.43,0.764,4,RF,W
2024,August,CHC,Away,DET,CG,4,0,0,0,0,1,0.273,0.331,0.425,0.756,4,RF,L
2024,August,CHC,Away,DET,CG,5,2,0,1,0,0,0.275,0.332,0.427,0.759,3,RF,W
2024,August,CHC,Home,MIA,CG,5,1,0,0,0,0,0.274,0.33,0.427,0.757,4,RF,W
2024,August,CHC,Home,MIA,CG,6,1,0,1,0,0,0.272,0.328,0.426,0.754,4,DH,W
2024,August,CHC,Home,MIA,CG,4,0,0,0,2,1,0.271,0.33,0.424,0.753,4,RF1B,L
2024,August,CHC,Home,PIT,CG,6,2,0,2,1,0,0.272,0.332,0.428,0.76,4,RF,W
2024,August,CHC,Home,PIT,CG,5,0,0,0,0,0,0.269,0.328,0.423,0.751,4,1B,W
2024,August,CHC,Home,PIT,CG,6,1,0,1,0,0,0.267,0.326,0.419,0.745,4,RF1B,W
2024,August,CHC,Home,WSN,CG,4,0,1,2,1,1,0.268,0.328,0.426,0.753,4,RF,W
2024,August,CHC,Home,WSN,CG,4,0,0,0,0,0,0.265,0.325,0.422,0.747,4,RF,W
2024,September,CHC,Home,WSN,CG,6,0,0,1,0,3,0.262,0.321,0.416,0.736,4,RF,W
2024,September,CHC,Away,PIT,CG,4,1,0,0,0,1,0.262,0.32,0.414,0.734,4,RF,L
2024,September,CHC,Away,PIT,CG,4,1,0,0,1,0,0.262,0.322,0.414,0.735,4,RF,L
2024,September,CHC,Away,PIT,GS,4,1,1,2,0,1,0.264,0.323,0.421,0.744,4,RF,W
2024,September,CHC,Away,NYY,CG,4,1,0,0,2,0,0.265,0.326,0.424,0.751,4,RF,L
2024,September,CHC,Away,NYY,CG,4,1,0,0,0,1,0.265,0.326,0.422,0.748,4,RF,L
2024,September,CHC,Away,NYY,CG,3,0,0,0,0,0,0.263,0.324,0.42,0.744,4,1B,W
2024,September,CHC,Home,LAD,CG,5,1,1,3,1,1,0.265,0.327,0.427,0.754,4,RF,W
2024,September,CHC,Home,LAD,CG,5,1,0,0,1,1,0.265,0.327,0.425,0.753,4,RF,W
2024,September,CHC,Home,LAD,CG,5,0,1,3,2,0,0.266,0.33,0.431,0.761,4,RF,L
2024,September,CHC,Home,COL,CG,4,2,0,2,0,0,0.268,0.331,0.432,0.763,4,RF,L
2024,September,CHC,Home,COL,CG,5,1,1,1,0,0,0.269,0.332,0.438,0.77,4,RF,L
2024,September,CHC,Home,COL,CG,6,0,0,0,1,4,0.266,0.33,0.433,0.764,4,RF,W
2024,September,CHC,Away,OAK,CG,5,2,0,0,0,1,0.268,0.331,0.437,0.768,4,RF,W
2024,September,CHC,Away,OAK,CG,4,2,0,0,0,1,0.27,0.332,0.438,0.77,4,RF,L
2024,September,CHC,Away,OAK,CG,4,0,0,1,0,1,0.268,0.33,0.435,0.765,4,RF,L
2024,September,CHC,Away,WSN,CG,4,2,0,3,0,0,0.27,0.331,0.436,0.766,4,RF,W
2024,September,CHC,Away,WSN,CG,4,0,0,0,0,1,0.268,0.328,0.432,0.76,3,RF,W
2024,September,CHC,Away,WSN,CG,4,0,0,0,0,1,0.266,0.326,0.429,0.755,3,RF,L
2024,September,CHC,Home,PHI,CG,4,0,0,0,0,2,0.263,0.324,0.425,0.749,4,RF,L
2024,September,CHC,Home,PHI,CG,5,3,0,4,0,0,0.267,0.326,0.431,0.757,4,RF1B,W
2024,September,CHC,Home,PHI,CG,4,1,0,1,0,0,0.267,0.326,0.429,0.755,4,1B,L
2024,September,CHC,Away,CIN,CG,3,0,0,0,0,0,0.265,0.324,0.427,0.751,3,1B,W
2024,September,CHC,Away,CIN,CG,4,1,0,0,1,0,0.266,0.325,0.426,0.751,3,RF1B,W
